RegionName,2015,2016,2017,2018,2019
Acampo,405627.8,450817.9,493062.7,542123.8,568173.6
Acton,432973.8,453210.8,487450.7,541173.4,569946.7
Adelanto,151341.3,163054.6,185452.3,215121.7,229748.6
Adin,153454.8,166115.6,177356.4,188580.6,193279.7
Agoura Hills,695740.1,701358.5,756611.8,826808.6,831652.6
Agua Dulce,516722.7,536170.9,578898.9,638783.7,673156.4
Aguanga,280753.6,303526.2,325757.4,360918.5,372791.0
Ahwahnee,260032.6,266713.7,278435.4,312462.9,322871.0
Alameda,789464.7,878701.5,933786.9,1009807.5,987085.5
Alamo,1499333.6,1557717.6,1600004.1,1682794.5,1694733.1
Albany,771841.5,845754.5,905247.1,997432.7,1012555.3
Albion,481784.5,520903.3,560364.7,597202.6,620564.5
Alhambra,524186.5,528523.5,573165.0,648832.2,674850.6
Aliso Viejo,517858.0,536534.7,580292.9,624151.0,616431.9
Alondra Park,448023.2,469190.7,525446.1,599632.7,628883.4
Alpaugh,91489.7,98760.8,108753.1,113991.8,120807.6
Alpine,519505.1,557991.8,587300.7,627865.8,625686.9
Alta,262604.8,287664.9,322016.8,342518.4,351979.0
Altadena,638406.3,659092.8,722214.2,815543.6,849431.0
Alturas,92870.1,96098.4,102318.8,109536.0,116452.6
Amador City,264350.3,296305.0,328783.2,365884.4,382497.0
American Canyon,420153.5,468004.5,505633.3,541379.0,554818.7
Anaheim,479128.8,501650.3,548453.7,594969.0,602268.7
Anderson,190556.6,201682.2,215048.3,228942.8,243939.2
Angels Camp,263555.8,288973.3,316955.4,339362.2,352639.6
Angelus Oaks,157741.2,163324.1,192031.5,222959.0,228727.8
Angwin,656103.9,741135.3,795445.3,817188.1,826529.2
Annapolis,599078.6,596480.4,589509.9,618814.5,602744.7
Antioch,323531.8,359296.2,399189.3,443490.1,457360.6
Anza,193345.2,213843.4,236056.5,280746.3,292520.2
Apple Valley,194588.4,208154.5,233045.2,262956.5,268523.4
Applegate,350328.4,377479.7,405939.9,431845.3,446327.4
Aptos,778026.8,849788.6,895748.4,957458.3,957620.5
Arbuckle,208981.5,232880.3,256582.1,282330.7,301394.7
Arcadia,1019007.3,964556.6,1016709.9,1100215.1,1073913.5
Arcata,352364.0,382513.0,415223.1,432900.7,449344.8
Arden-Arcade,290351.8,313864.9,337801.2,362333.8,377044.0
Armona,123190.7,133382.8,144263.5,159508.7,171194.2
Arnold,245635.8,259449.1,275316.8,295776.4,309546.5
Aromas,573998.8,639645.1,686678.7,730828.2,750318.2
Arroyo Grande,590922.3,621814.8,679372.2,706784.4,713059.4
Artesia,417929.5,435651.3,480182.5,535735.3,556320.8
Arvin,137320.0,149556.3,158978.1,172462.8,183034.9
Atascadero,417108.0,446410.6,492170.7,522232.6,528549.5
Atherton,5184098.9,5585178.3,5704451.1,6180327.7,5996300.9
Atwater,194339.7,212494.9,234508.4,257576.8,276600.7
Auberry,234166.7,249475.1,258521.2,275145.8,279308.7
Auburn,368616.8,397762.2,428099.8,460261.7,476518.2
August,108751.1,130534.5,154030.4,184056.9,207825.5
Avalon,610484.6,615114.9,641250.4,699006.7,735611.1
Avenal,108683.1,118350.6,129342.1,140254.1,150326.5
Avila Beach,858459.9,894216.2,976035.8,1032741.1,1021709.0
Avocado Heights,393216.1,410976.5,458778.3,517371.0,540952.6
Azusa,368209.1,384465.6,422781.7,463109.2,476675.7
Bakersfield,214306.0,221013.5,226356.7,237883.9,249617.0
Baldwin Park,343992.4,360075.4,396275.5,452386.0,473845.7
Ballico,429130.6,460028.3,504335.2,554804.7,576443.7
Bangor,237465.0,253662.4,279082.4,307105.2,328043.0
Banning,194086.8,211035.1,229196.6,259405.9,271038.1
Barstow,96058.5,105254.7,120765.7,145026.3,151760.1
Bass Lake,399363.3,393795.4,402944.9,464076.0,459841.0
Bayside,490580.1,519143.2,557431.4,591214.2,626835.1
Beaumont,271336.9,290677.3,309211.9,333887.1,346216.0
Bell,317445.0,335218.0,373280.7,419224.4,446463.8
Bell Canyon,1283597.7,1379835.1,1440509.7,1518502.0,1531084.1
Bell Gardens,307965.0,327030.5,368477.4,416603.1,443746.4
Bellflower,391641.0,411200.7,454715.7,510548.0,531315.0
Belmont,1354666.7,1502329.7,1579205.2,1804469.0,1755274.4
Belvedere,3174856.7,3409431.8,3503409.2,3621660.4,3551630.9
Ben Lomond,585537.9,649601.5,699425.4,758020.5,754580.8
Benicia,504148.4,548310.6,583843.2,627226.3,629702.5
Berkeley,970035.7,1066629.9,1136441.3,1241931.5,1235161.3
Berry Creek,186811.5,206721.9,219970.5,244356.5,264500.1
Bethel Island,400287.9,439136.6,478646.0,523230.0,530698.9
Beverly Hills,2058206.3,1995376.4,2243686.3,2800363.5,3168692.3
Bieber,91637.8,103158.4,113981.3,130190.2,137469.2
Big Bear City,184415.7,194305.2,214555.2,250836.0,256379.3
Big Bear Lake,299855.4,306789.9,334083.7,374893.1,372790.7
Big Sur,1507615.6,1729813.4,1795623.4,1918302.4,1935766.9
Biggs,160455.1,177191.0,195415.2,218751.8,248517.9
Bishop,317062.9,336043.8,355402.2,386599.3,405482.2
Bloomington,233315.8,250067.8,283293.9,327046.8,345200.8
Blue Lake,291120.3,304865.1,334444.3,362549.3,381952.6
Blythe,115310.1,126286.7,137227.8,152010.9,156095.1
Bodega Bay,815170.4,868092.0,881760.2,944900.3,948100.4
Bodfish,96182.8,102352.0,108758.9,118359.6,126434.8
Bolinas,1026155.6,1194057.9,1293622.5,1427663.6,1427059.0
Bonita,561282.9,595948.9,629235.8,657261.6,668338.0
Bonsall,555694.9,589404.3,630427.4,666055.4,667334.0
Boron,50409.2,54022.2,62056.0,78530.7,91634.1
Borrego Springs,204392.3,217615.9,229774.9,236870.2,235247.2
Boulder Creek,483627.9,548916.7,592106.5,632684.6,628402.6
Boulevard,216387.9,244780.3,275254.3,305676.6,312839.3
Bradbury,1696000.7,1584625.5,1686415.0,1921922.9,1895581.5
Bradley,393833.5,408042.9,437750.0,459271.4,454788.6
Brawley,176327.6,190832.5,202705.7,210815.9,223508.8
Brea,609151.9,630914.1,685842.4,728888.2,728895.9
Brentwood,482498.1,524232.4,556428.6,594543.3,610602.0
Bridgeport,230228.5,250843.8,272550.4,291771.4,309405.0
Brisbane,797284.3,884498.8,928120.2,1034696.9,1049394.7
Browns Valley,335840.5,360658.5,387219.5,427549.9,441533.5
Brownsville,193091.9,218003.1,238446.1,251638.2,260674.4
Buellton,508342.1,544115.9,565445.5,579200.6,584835.7
Buena Park,466459.6,490226.8,544462.2,592230.4,599352.6
Burbank,609494.5,631402.3,693183.0,791802.5,823094.6
Burlingame,1726637.6,1865573.8,1955717.4,2195334.7,2163914.7
Buttonwillow,99043.9,107610.4,115105.1,126236.3,140288.4
Cabazon,121076.5,134548.5,145646.2,170385.1,182894.4
Calabasas,943837.3,945974.6,1017396.0,1133925.6,1164716.5
Calexico,182660.6,201308.6,214212.3,225337.3,240416.4
Caliente,175385.3,187716.9,191180.9,208803.0,211105.7
California City,91974.5,104422.0,121435.7,145718.1,161965.6
Calimesa,280979.2,303623.7,326253.2,358551.3,367603.5
Calipatria,118720.7,134331.5,143481.5,157247.6,171119.4
Calistoga,730054.9,792658.0,859619.7,920804.6,949915.7
Calpine,181806.3,200688.7,223504.3,244975.9,258138.7
Camarillo,552662.7,582479.1,611130.1,640100.9,645812.1
Cambria,563694.0,578695.3,631255.7,667972.6,678392.1
Camino,309798.2,336488.5,365226.7,388214.3,397603.3
Campbell,949922.0,1008806.8,1039458.5,1298785.0,1280523.0
Campo,220956.7,253478.3,285797.7,314003.3,323525.3
Camptonville,222387.7,245536.5,255467.8,268977.7,275457.1
Cantua Creek,93799.0,102216.9,119163.0,136447.3,147965.2
Canyon Lake,372812.7,384356.5,402850.9,441630.6,454519.0
Capitola,678073.5,736311.9,782371.4,851824.6,851472.1
Carlotta,333672.8,374131.2,429523.0,459920.4,466312.2
Carlsbad,752751.5,760751.4,807596.6,849708.0,864841.1
Carmel Valley,809605.5,880326.3,919066.7,967143.9,1011528.6
Carmel-by-the-Sea,1178996.6,1262199.7,1319921.0,1393799.9,1427953.6
Carmichael,321789.4,342252.3,366516.6,391856.9,406242.5
Carnelian Bay,549227.4,587691.0,614284.9,646817.2,671218.1
Carpinteria,790911.3,841015.6,863447.5,901312.3,901774.7
Carson,388057.1,409828.1,454440.1,513525.8,544064.8
Caruthers,177703.2,193687.0,209862.5,225905.8,242799.6
Castaic,450732.7,471980.9,506647.3,548569.9,562407.1
Castro Valley,670167.1,736101.0,779648.9,856054.5,850077.9
Castroville,368457.4,413063.9,449391.1,481972.4,499734.9
Cathedral City,226888.7,240688.8,253182.0,278223.4,297865.2
Catheys Valley,315687.6,337551.9,369963.9,386260.6,403122.3
Cayucos,736611.6,766830.5,854574.6,900808.8,894826.3
Cazadero,398264.3,449161.1,479934.1,520388.1,514913.1
Ceres,217687.6,239946.8,262048.4,286383.2,304188.9
Cerritos,613563.5,626404.2,676667.2,736574.8,752144.9
Chester,188565.6,202607.5,214871.9,232681.4,253603.7
Chico,288151.5,303709.7,323394.2,343055.6,384476.0
Chino,414230.6,429304.9,460508.7,503649.2,509986.3
Chino Hills,550021.4,556761.6,605140.7,664377.2,666507.0
Chowchilla,180525.3,197014.2,211196.6,236638.1,250707.6
Chualar,404799.5,452288.6,478164.1,512721.2,545472.6
Chula Vista,444913.1,480652.8,509799.7,535473.5,546003.7
Citrus Heights,249217.4,274253.0,301015.0,329859.4,342055.4
Claremont,565122.9,580286.6,624356.2,673205.1,690645.9
Clarksburg,484012.5,513361.2,564160.5,596563.8,623163.4
Clearlake,94763.5,110875.1,129744.8,148684.3,163685.4
Clearlake Oaks,136917.7,153851.6,171602.0,191837.4,202225.6
Clio,360467.8,377708.8,392622.1,422886.2,438902.7
Clipper Mills,145017.5,159418.6,171584.1,190615.6,212742.0
Cloverdale,398200.2,444885.6,489968.5,542495.4,545378.1
Clovis,280025.9,295187.5,315051.2,340448.1,353301.2
Coachella,185090.7,210141.4,228820.0,247988.7,258316.1
Coalinga,152385.9,159951.3,170494.0,182131.9,192234.4
Coarsegold,229755.5,237419.3,252416.1,283452.3,295688.0
Cobb,192673.5,215396.9,230624.0,247356.9,269695.7
Coleville,186394.6,211449.4,221203.2,237269.0,246390.2
Colfax,301125.3,331046.3,362937.5,391325.1,398729.2
Colma,733942.0,811698.9,869864.9,995105.6,1041416.2
Colton,211291.0,225205.2,254284.8,294218.2,307828.1
Colusa,184626.8,203074.3,218963.1,241698.4,262435.8
Commerce,330817.2,350676.1,392719.6,444061.6,468996.2
Compton,269784.4,291520.9,331642.4,383123.6,414478.0
Concord,453312.8,497103.4,533239.3,577420.4,583685.2
Cool,319795.8,349403.4,383028.9,404347.3,413520.3
Copperopolis,306363.3,319503.1,338595.1,351530.3,368080.7
Corcoran,108056.4,120679.2,137516.3,151992.6,163475.9
Corning,155546.2,167211.8,177841.7,191861.5,215970.8
Corona,410197.1,424993.1,445944.1,482374.3,492982.7
Coronado,1419210.7,1508631.2,1550099.1,1612902.8,1636131.6
Corte Madera,1143361.4,1230470.4,1287005.9,1381469.9,1368591.2
Costa Mesa,654092.1,676583.1,742341.1,810414.7,811497.5
Cotati,461385.0,505933.1,545976.5,600179.2,601572.0
Coto de Caza,946505.8,959088.9,1018649.4,1082458.5,1076153.6
Cottonwood,211421.8,223806.3,236007.1,255196.8,271058.7
Coulterville,182885.5,203207.8,226445.5,242421.1,245755.7
Courtland,341015.1,372328.1,406068.8,441951.7,453599.8
Covelo,226818.0,250216.0,296500.2,322573.3,344679.9
Covina,415148.3,431076.4,471608.4,523012.5,537709.1
Crescent City,185138.9,200622.0,219289.8,242294.7,251297.4
Crestline,156427.1,169073.3,192076.8,226136.5,233626.1
Creston,632894.4,654997.2,715280.1,760885.3,774983.3
Crows Landing,437129.1,484825.9,536015.7,604162.9,644351.6
Cudahy,307514.5,325571.5,366235.0,412990.0,440226.2
Culver City,662599.7,691937.3,787405.2,958035.0,1026146.9
Cupertino,1726711.0,1768703.9,1783052.6,2181091.2,2156083.5
Cutler,112054.5,121843.2,138392.3,151658.4,167082.5
Cypress,540957.7,560723.5,612730.3,665921.2,673695.6
Daggett,57148.4,60376.4,74045.2,100480.5,106705.9
Daly City,712662.3,798827.5,856842.8,977421.5,1005839.0
Dana Point,775935.4,796184.4,878130.8,955243.9,942638.5
Danville,1084036.6,1143662.7,1186719.7,1263777.1,1285474.8
Davenport,657974.7,724685.6,778608.0,847214.8,888202.6
Davis,561851.0,584942.8,631116.8,666483.0,688306.1
Del Mar,1991477.4,2161579.4,2259783.3,2358012.4,2358972.9
Del Monte Forest,1404415.8,1526910.9,1594892.1,1676123.2,1756846.9
Del Rey,186492.9,207504.7,223648.6,240243.4,261837.8
Del Rey Oaks,489763.5,529610.6,574264.9,612675.2,640799.3
Delano,158634.4,175101.3,189159.0,204018.1,214694.7
Delhi,183622.1,206391.4,229218.5,248188.3,267754.0
Denair,297207.4,324375.4,347308.3,374661.1,392753.5
Descanso,349896.3,382224.3,420836.5,446614.9,460570.9
Desert Hot Springs,152294.0,167021.6,182471.4,208603.9,224421.7
Diamond Bar,605769.3,607018.2,646618.5,693388.0,694152.4
Diamond Springs,256891.4,279859.0,310003.2,334605.5,346151.5
Dillon Beach,730863.7,798263.8,850181.5,894168.8,897272.3
Dinuba,168348.3,178738.2,198732.0,217943.4,231168.9
Discovery Bay,491846.0,528572.9,559717.0,594486.0,603712.5
Dixon,353164.5,381046.8,409195.0,438210.6,454673.0
Dobbins,235950.8,263858.5,288189.2,310644.1,321735.2
Dorris,66945.2,72351.7,76423.0,80216.5,88576.3
Dos Palos,144380.6,163053.5,185621.8,208112.6,228492.1
Douglas City,241795.2,260781.6,286716.0,300351.8,295846.7
Downey,460652.4,479412.9,522039.0,576480.7,597506.3
Downieville,180167.2,183668.4,195757.3,217908.7,235786.6
Doyle,80024.7,92867.0,110501.4,132772.1,138957.7
Duarte,436405.1,451462.0,485995.8,534258.0,550633.2
Dublin,828777.3,899540.2,938801.9,1008303.4,984413.7
Ducor,102514.0,114509.7,124969.0,128450.3,152039.7
Dunlap,221447.7,241007.3,258681.3,269687.5,277223.7
Dunsmuir,123473.7,131341.4,139115.7,152832.8,173502.0
Durham,356398.9,384352.7,411238.5,439191.1,490520.7
Dutch Flat,211523.7,229288.4,252306.4,274256.9,284434.7
Earlimart,112488.0,122178.6,137550.6,148630.7,161264.3
Earp,141997.4,140358.5,152973.3,175107.3,166033.3
East Los Angeles,319533.7,338453.5,381229.6,439887.6,468923.8
East Palo Alto,599651.0,722853.9,810762.7,991118.5,993067.9
Eastvale,502073.3,515342.4,540741.2,590227.4,599277.7
Edwards,56681.0,52405.7,65219.2,80128.4,94657.7
El Cajon,427277.6,461535.4,493438.0,520706.3,531501.7
El Centro,182664.2,198753.7,212295.8,224698.3,241274.6
El Dorado,354229.3,390335.7,422913.2,453746.2,464523.9
El Dorado Hills,543206.1,570693.6,599598.1,632391.3,661513.5
El Monte,402090.9,411833.9,453912.7,512909.8,528168.2
El Segundo,834028.7,871307.0,962548.7,1128550.3,1169974.8
Elk Grove,338873.9,366455.4,397682.0,433326.4,443739.2
Elverta,257210.5,286360.4,320119.6,347693.3,362231.6
Emerald Lake Hills,1789579.5,1946435.2,2021369.7,2224232.5,2195188.1
Emeryville,416361.2,481954.2,519083.8,561446.0,577114.8
Encinitas,901727.6,970448.4,1036099.4,1091882.0,1119161.5
Escalon,316935.2,348001.2,379185.9,409087.9,423382.9
Escondido,437048.3,470560.8,502939.7,528855.1,541217.3
Esparto,235247.0,262453.2,293453.3,322974.0,338379.2
Etna,169304.3,180361.4,186578.0,196338.7,210793.7
Eureka,271658.2,291005.6,315049.8,332728.3,350557.6
Exeter,190212.8,202739.1,222569.4,237609.2,249496.7
Fair Oaks,363055.2,387068.6,414993.7,444911.1,459785.7
Fairfax,812294.8,873233.5,925774.1,989421.8,991463.5
Fairfield,346999.2,380379.0,413915.1,450093.0,462596.5
Fallbrook,484708.5,512713.6,545957.7,580138.3,583407.0
Farmersville,119305.8,128523.0,144743.3,158874.0,170003.2
Farmington,444740.1,482759.3,528050.4,588964.9,613641.2
Fawnskin,236628.8,248861.9,270816.8,298634.5,303467.8
Felton,488778.3,542713.8,593159.2,639639.0,648441.3
Ferndale,386104.4,419597.6,463744.0,486471.2,490539.1
Fiddletown,278942.5,317886.9,349045.1,376342.7,387089.9
Fillmore,374597.5,403780.9,430936.5,457548.6,471625.2
Firebaugh,144158.4,161087.3,176916.8,194782.2,206018.2
Florence-Graham,249614.5,270441.3,309142.9,364523.5,399044.2
Florin,186488.7,216405.1,240318.5,265101.7,276600.3
Folsom,451593.3,480455.2,512467.2,545641.0,564589.4
Fontana,318234.0,336306.8,360415.5,392771.3,407569.1
Forbestown,175234.1,193332.5,207074.3,224499.1,237645.8
Forest Falls,174807.1,184926.0,211856.1,242798.3,255928.6
Forest Ranch,254840.5,268898.1,286951.0,302217.2,328315.8
Foresthill,302823.6,332811.0,365588.9,393300.9,399986.3
Forestville,403860.9,447149.9,483386.5,524978.2,518261.8
Fort Bragg,365599.3,394937.8,433495.0,467057.7,491165.6
Fort Jones,165217.2,177339.0,188004.6,199839.9,210394.2
Fortuna,272482.6,295532.9,323913.2,339755.6,358569.1
Foster City,1186815.4,1304028.4,1365253.2,1558905.4,1503842.0
Fountain Valley,631432.7,657592.9,717351.4,782076.1,794060.3
Fowler,230271.4,249774.7,269853.7,287080.3,297653.8
Frazier Park,139896.1,153317.1,169588.6,190429.6,204588.2
Freedom,405459.6,442188.2,471384.0,511909.7,527601.2
Fremont,824034.2,912627.5,968366.9,1122070.3,1104550.7
French Camp,227859.9,263153.1,296658.3,333098.4,364688.8
Fresno,187288.5,201227.1,217917.6,240210.7,254347.9
Friant,382857.6,398019.8,410022.4,433527.6,443673.7
Fullerton,547462.8,566325.0,615354.9,662273.6,664674.9
Fulton,560123.7,619316.8,682366.6,742215.6,756336.5
Galt,286808.2,315854.9,346955.4,378232.5,392093.2
Garberville,399948.5,442989.5,486775.7,512829.0,530481.0
Garden Acres,132142.3,155093.5,184497.6,215299.2,236485.6
Garden Grove,461000.2,482917.2,537281.6,596183.6,609748.7
Garden Valley,288012.6,315456.0,348350.6,370561.7,376467.6
Gardena,383784.0,403621.4,453243.0,520468.3,555414.6
Gasquet,218291.0,224711.4,239725.6,258024.3,275863.9
Georgetown,252159.9,279176.5,308277.2,325287.8,333673.8
Gerber,155913.7,167271.4,174396.7,191902.1,212017.1
Geyserville,831163.3,923184.8,975043.6,1073613.6,1089859.7
Gilroy,607360.4,656138.7,679416.7,776108.1,784550.0
Glen Ellen,886215.5,963759.4,988655.6,1065439.3,1058646.6
Glendale,597011.6,620822.6,683778.2,777493.1,812422.1
Glendora,520454.8,532400.5,571438.5,620066.8,625999.7
Gold Run,300154.1,319708.7,347194.0,375524.9,380157.2
Goleta,727555.7,772433.6,801505.1,820776.8,828421.6
Gonzales,293579.1,334969.9,364691.1,389202.0,410828.4
Graeagle,223211.0,233281.2,254783.7,280661.7,298020.9
Grand Terrace,285779.9,300080.7,331212.2,370154.3,373129.3
Granite Bay,650927.9,679072.5,718251.0,759574.1,789467.9
Grass Valley,324657.6,349589.5,376553.7,407732.5,413216.3
Graton,511711.1,566115.2,608512.2,665495.9,665492.7
Green Valley,214175.6,227603.2,259030.5,295093.8,316181.4
Green Valley Lake,144657.8,153636.6,169932.3,196671.7,207505.0
Greenfield,226499.5,263100.6,288560.3,315979.5,336487.6
Greenville,141640.8,157622.1,168823.5,189373.9,204651.3
Greenwood,299898.7,337172.2,370478.7,387142.8,391024.3
Grenada,132834.7,142871.8,150044.1,159724.9,171752.7
Gridley,174599.8,191674.2,209079.1,229427.6,253734.6
Grover Beach,405919.5,433370.4,483344.5,513168.3,520876.1
Guadalupe,259015.9,294528.9,308842.3,330603.2,345329.8
Gualala,439077.0,446153.6,490849.6,526759.4,539034.8
Guerneville,347454.0,395121.5,427589.8,471837.3,465440.6
Gustine,185368.6,207520.8,233966.2,255805.7,280182.7
Hacienda Heights,506657.5,514964.8,560098.0,611748.4,631055.8
Half Moon Bay,929266.9,1042823.9,1102929.4,1212927.5,1189693.4
Hamilton City,131833.5,147697.5,160931.7,177235.4,195538.6
Hanford,184000.0,197753.0,216204.2,230845.9,242546.4
Happy Camp,86380.3,99053.6,100857.0,111329.0,119305.8
Hawaiian Gardens,276707.9,294641.8,329487.4,381461.1,406163.0
Hawthorne,456237.4,483505.8,539481.6,624995.4,665409.0
Hayfork,173381.3,199152.2,230833.7,237468.5,226699.0
Hayward,480653.0,542211.2,590918.3,670140.5,674787.9
Healdsburg,730615.7,823049.1,863901.8,932837.3,935581.7
Heber,185225.0,200717.7,211286.5,224888.9,242187.8
Helendale,178815.4,188985.5,206818.4,229468.0,233108.9
Hemet,192955.9,210202.4,230729.1,261256.8,272386.4
Herald,415121.6,457920.9,506065.6,548739.2,566829.6
Herlong,47739.4,60950.8,72174.4,85792.8,89511.3
Hermosa Beach,1223863.8,1256636.9,1386469.5,1604620.8,1657989.8
Hesperia,193912.2,210429.0,236755.2,268819.7,276350.3
Hickman,352733.2,383179.0,409148.8,441106.5,459445.3
Hidden Hills,2167973.8,2151004.4,2453937.0,3038701.2,3313107.7
Hidden Valley Lake,227562.9,254571.1,278900.3,306536.9,323106.2
Highland,260630.4,274971.4,300495.1,334471.5,345727.3
Hillsborough,3741167.7,3938476.6,3997646.6,4285680.9,4206363.5
Hilmar,263467.8,286452.8,307024.0,324766.8,344546.7
Hinkley,132844.6,131217.2,154119.3,187950.3,167521.9
Hollister,469033.4,526129.1,557471.0,581787.9,596704.3
Holtville,182557.5,200706.3,216391.5,224577.4,241799.8
Homeland,208616.8,232517.5,254383.5,294234.7,305846.9
Homewood,677267.3,693270.6,712487.6,759018.7,786694.0
Hopland,391837.0,445089.5,502448.5,547509.2,571713.0
Hornbrook,107835.2,120500.8,132873.2,142184.1,152807.8
Hughson,293587.7,315642.0,336925.6,362544.9,376150.4
Huntington Beach,673390.5,695006.4,757085.5,819191.3,824728.8
Huntington Park,304599.6,327854.1,366616.0,415950.0,440400.3
Huron,128706.9,137754.0,152566.0,169130.0,177144.4
Idyllwild,232505.4,243262.0,271799.9,314777.4,327335.6
Imperial,192828.0,208089.2,222720.8,236083.9,246604.5
Imperial Beach,427084.6,483887.2,546333.2,603281.6,619516.6
Indian Wells,738902.3,720567.8,721715.8,768876.4,793823.9
Indio,260877.2,271769.2,284629.1,305165.0,319369.3
Inglewood,335707.6,357999.9,408433.6,495556.8,550059.6
Inverness,925432.4,1018407.5,1082915.3,1143171.7,1136145.2
Inyokern,152335.3,160994.7,174050.2,192946.5,198431.4
Ione,253299.9,282879.0,311500.6,337006.0,346156.7
Irvine,761797.3,772520.0,828844.5,895995.3,892666.9
Irwindale,342240.0,368261.5,434541.3,488570.3,504340.3
Isla Vista,836458.6,881101.7,913441.0,946405.8,928342.8
Isleton,233035.7,263593.3,281246.1,302907.9,313258.9
Ivanhoe,96234.8,100105.1,117653.4,131676.5,144704.1
Jackson,270192.6,295410.4,318665.0,342036.7,350652.6
Jacumba,140575.2,158744.0,179965.3,197314.3,197310.1
Jamul,555200.1,597799.0,633395.7,673047.5,660041.5
Janesville,186505.7,203975.2,222264.6,242908.0,253836.9
Jenner,648461.2,677860.3,684596.9,722734.5,701124.9
Joshua Tree,111432.5,121743.8,144700.8,187725.5,202309.4
Julian,311413.9,335872.3,362909.0,388325.3,393395.8
June Lake,384768.3,411304.9,433185.5,452914.1,469358.6
Jurupa Valley,317046.7,341423.1,365228.5,403423.5,418042.9
Keene,384353.1,388424.1,390785.0,408071.2,427234.2
Kelseyville,211096.1,235392.1,260151.2,284744.0,297520.8
Kennedy,124254.2,149588.6,176714.5,211307.3,232711.2
Kentfield,1818858.7,1944324.2,1980991.4,2091240.1,2073889.1
Kenwood,861753.8,949717.2,994715.2,1078632.8,1084351.2
Kerman,201992.3,220534.2,237236.8,254756.3,266931.0
Kernville,202343.1,213757.0,219301.6,234129.0,241460.1
Kettleman City,88787.1,93929.9,104975.4,110495.7,119839.3
Keyes,177064.1,204286.2,224517.5,244479.5,264341.6
King City,238995.5,263958.2,284299.8,302284.4,320663.6
Kings Beach,441515.6,474992.4,505267.8,542563.9,572958.5
Kingsburg,251119.9,267584.7,284665.0,300277.6,313252.0
Kirkwood,407200.5,418926.0,425892.5,446547.4,450469.1
Klamath River,145454.6,161064.6,168177.3,181523.1,188630.9
Kyburz,225858.0,247519.1,267658.6,290484.6,299148.8
La Canada Flintridge,1307624.2,1308422.4,1439056.2,1607983.4,1653398.9
La Crescenta-Montrose,706639.3,723378.0,791112.1,889347.2,915704.1
La Grange,209034.4,237266.3,263080.9,283647.5,294199.4
La Habra,443020.0,465479.3,516506.8,564457.0,570336.8
La Habra Heights,807031.2,796540.7,842629.8,924940.4,941654.1
La Honda,692960.8,758475.5,816803.8,918278.8,895273.2
La Mesa,467457.9,500758.0,537142.8,568201.2,573251.7
La Mirada,464601.3,484808.7,527535.6,583929.9,600411.0
La Palma,577585.2,598898.7,657498.3,713847.5,727103.1
La Puente,341852.3,359079.7,397174.8,444847.3,467460.9
La Quinta,408495.8,407219.7,411546.5,437994.9,453741.3
La Riviera,240719.9,266171.1,292899.2,322945.4,337442.6
La Verne,528743.7,544859.4,587411.0,638293.5,647818.0
Ladera Heights,728915.5,762350.0,852773.4,1004407.1,1094664.5
Ladera Ranch,708917.5,722403.6,754929.0,805506.4,810641.0
Lafayette,1236949.5,1304812.8,1350762.8,1413367.1,1436034.4
Laguna Beach,1587510.3,1552534.0,1718617.9,1916294.9,1872107.4
Laguna Hills,598109.2,616774.6,667374.4,717269.2,717847.5
Laguna Niguel,687682.0,708963.2,769488.0,825189.4,816549.0
Laguna Woods,243183.5,248069.8,279078.7,321149.6,316593.2
Lagunitas,633318.8,696599.0,745649.5,807899.9,793700.9
Lake Arrowhead,286991.5,295362.0,319934.7,359610.1,364506.8
Lake Elsinore,280244.0,303015.3,326476.9,355052.1,364809.4
Lake Forest,581757.9,605815.3,664562.5,714729.2,712609.7
Lake Hughes,196803.3,212844.9,247445.2,288494.7,305053.1
Lake Isabella,113788.9,122377.4,129010.7,140681.9,149169.8
Lakeport,221640.2,244710.7,270150.6,297442.2,310177.2
Lakeside,425660.3,459897.9,490995.1,512469.0,524928.9
Lakewood,456703.4,478191.0,521712.6,575456.9,592814.1
Lamont,101164.1,111124.8,118830.4,129747.6,141593.1
Lancaster,199222.6,217240.1,244164.0,280577.0,299482.4
Landers,67097.3,75530.2,91972.7,122345.1,140684.1
Larkspur,1354400.7,1440912.6,1513764.4,1645156.1,1659618.7
Lathrop,325238.7,360667.6,399233.7,433212.2,448439.3
Laton,181680.7,204159.6,224311.7,243587.4,258111.2
Lawndale,395483.7,412813.6,455806.6,525130.0,560075.0
Laytonville,281723.0,315032.0,357826.6,382804.2,402564.1
Le Grand,141112.6,158216.4,177408.2,193021.1,212918.9
Lebec,188686.0,203434.9,220195.9,243566.8,256385.4
Lemon Grove,368718.9,402876.4,434902.7,463189.0,485416.6
Lemoore,201211.5,214899.1,234597.3,247228.7,256893.1
Lewiston,209145.8,221811.5,243786.7,255619.3,254336.0
Lexington Hills,798187.5,834685.2,869961.0,1036381.6,1031557.2
Lincoln,390050.0,413214.6,442103.2,467977.0,483989.2
Lincoln Village,205395.5,234495.2,260614.2,286127.1,301800.2
Linden,398949.9,426033.4,458006.4,501759.3,531582.4
Lindsay,136222.4,149892.2,169088.2,181278.7,192437.1
Litchfield,167016.5,189871.8,205633.4,222256.2,228252.8
Littlerock,185798.3,205795.5,231505.8,269749.6,298199.3
Live Oak,177408.2,195403.5,219858.7,242476.7,257888.6
Livermore,676348.5,724879.9,758358.9,824719.9,817998.2
Livingston,198709.7,220618.2,242042.1,259536.5,278908.6
Llano,180545.6,190744.9,216663.3,251944.7,279351.7
Lockeford,275114.1,300931.9,328092.5,355344.5,367963.0
Lodi,282742.5,307460.9,335403.2,361900.0,377275.1
Loma Linda,320672.4,334212.7,373094.7,417729.2,425169.1
Lomita,506254.8,524448.5,568916.4,633616.0,655384.9
Lompoc,276645.3,309646.2,333630.2,350638.1,363063.7
Long Beach,438942.0,459342.3,499437.2,557975.6,583055.8
Loomis,481649.4,520095.7,559854.1,608605.4,632211.8
Los Alamitos,791595.7,810738.5,880964.1,957316.6,965315.1
Los Alamos,461916.3,508097.9,538148.6,564746.2,576889.4
Los Altos,2637896.6,2678917.3,2678633.5,3215154.5,3248720.8
Los Altos Hills,3910139.2,3888328.7,3741393.9,4333697.6,4474448.5
Los Angeles,516751.5,537771.0,585356.5,663206.9,691620.2
Los Banos,226250.7,251063.4,275586.8,300477.8,325268.5
Los Gatos,1437495.2,1489173.3,1505340.4,1784708.0,1788308.2
Los Molinos,163967.8,181818.3,191094.1,207247.9,235123.2
Los Olivos,863647.9,931697.8,945451.2,982198.8,988736.4
Los Osos,454502.7,487179.3,546790.1,579381.2,594442.0
Lost Hills,107943.1,123196.6,139847.7,155284.2,167170.2
Lotus,395432.1,426763.9,470928.9,494509.9,511699.0
Lower Lake,235677.3,268557.2,294721.8,318721.2,332933.0
Loyalton,114953.6,131426.2,150210.0,180338.9,194977.1
Lucerne,130281.8,144339.7,160893.0,178640.0,196147.6
Lucerne Valley,99530.9,106071.4,127847.1,165939.8,171617.2
Lynwood,315371.7,334872.1,374295.5,423137.3,452358.5
Lytle Creek,157626.9,173499.3,206134.4,247460.7,261571.1
Macdoel,70385.8,77083.4,77894.5,85295.5,91337.6
Madera,189002.3,201805.2,218939.7,244659.7,259304.1
Magalia,179406.0,193337.3,211177.4,233029.4,256595.5
Malibu,1520909.5,1496487.0,1761076.4,2272297.4,2461476.2
Mammoth Lakes,369248.3,384123.2,405898.6,471617.0,511082.8
Manchester,425010.3,448142.3,486676.2,516392.5,544349.8
Manhattan Beach,1675019.6,1698085.0,1873759.6,2191017.4,2278875.1
Manteca,314373.1,345582.7,375518.9,407382.9,423556.7
Manton,194533.4,205703.2,219367.4,231633.9,241848.6
Maricopa,84563.2,95894.1,102539.3,121219.1,125471.8
Marina,468680.5,507727.7,548217.0,585238.2,612667.8
Mariposa,233701.3,253754.5,269136.0,284897.7,294636.3
Markleeville,308725.3,329093.7,340309.7,358014.8,375830.2
Martinez,477537.0,528262.6,566445.5,605239.6,608897.1
Marysville,183695.4,202784.3,225440.7,248327.5,265313.3
Mather,308027.7,332582.7,361049.1,393234.3,404796.3
Maywood,309267.4,325918.9,364202.8,413011.9,435303.7
Mc Farland,145315.7,156001.5,167143.8,182091.9,191451.0
Mc Kittrick,109324.2,126352.4,143078.5,159941.2,174069.0
McArthur,173957.5,186286.3,203543.5,218133.9,223023.3
McCloud,154727.4,167250.1,178801.3,201102.5,216597.6
McKinleyville,325844.8,348129.8,373955.7,388442.8,407324.0
Meadow Vista,403492.9,438181.9,472406.2,505832.1,522671.6
Mecca,119220.5,129736.7,147321.8,169324.7,188754.2
Mendocino,680894.7,730213.6,774100.8,832550.4,866550.2
Mendota,135977.4,150549.8,165322.2,182481.8,193477.0
Menifee,286774.3,308290.1,333310.0,364522.9,373358.2
Menlo Park,1917635.1,2056627.4,2111360.4,2379278.4,2384228.6
Mentone,220702.1,237029.6,270311.7,306891.4,317400.5
Merced,185058.4,197320.7,217658.3,241612.9,259983.5
Meridian,225446.2,243837.0,266227.0,288875.2,304130.9
Middletown,191968.4,212891.8,218111.1,236627.1,255924.5
Milford,170934.1,188713.7,204630.3,222697.0,227978.6
Mill Valley,1326667.5,1414640.2,1447465.7,1533927.9,1535115.0
Millbrae,1273870.7,1404238.4,1473138.9,1648033.7,1626649.8
Milpitas,765310.2,833131.3,868907.0,1074997.5,1066891.8
Miramonte,165049.9,180747.1,197163.3,206662.6,220656.7
Mission Viejo,604471.2,625712.2,679862.1,723607.0,719579.3
Modesto,214108.6,238019.4,261032.4,285992.2,301774.9
Mojave,75328.2,84707.0,95988.3,114980.6,134267.2
Mokelumne Hill,186908.1,209603.3,243440.0,259395.9,272967.2
Monrovia,583291.6,595639.6,639262.2,704254.7,720974.5
Montague,131131.8,145300.3,159674.5,173168.2,181681.3
Montara,844816.1,941591.8,1002400.9,1131315.5,1145795.4
Montclair,315806.8,331618.9,372941.6,416597.8,427430.0
Monte Rio,394949.0,435938.7,467574.1,526838.4,516140.6
Monte Sereno,2517834.8,2536947.9,2524526.6,2919883.9,2945763.2
Montebello,432776.3,445785.0,485707.0,541227.1,565087.2
Montecito,2700234.1,2900926.9,2933960.4,3000771.7,2947462.5
Monterey,648828.3,699554.7,742979.1,790750.5,814788.5
Monterey Park,526385.9,533120.4,581463.4,646353.2,666875.1
Moorpark,578600.4,609173.2,642213.3,667443.8,673914.9
Morada,405163.3,437978.2,463389.2,502746.7,531486.0
Moreno Valley,255452.3,275348.3,294565.3,323788.8,338486.5
Morgan Hill,749664.9,801118.4,835441.5,962095.0,978901.9
Morongo Valley,117592.6,128525.0,148873.2,184292.9,196855.3
Morro Bay,532077.5,570022.8,644231.9,679016.7,688267.8
Moss Beach,877991.1,997259.2,1071815.9,1186513.4,1169015.2
Moss Landing,464339.4,522740.6,572567.1,602629.9,637714.4
Mount Shasta,246277.4,267096.0,283609.5,306966.5,320852.8
Mountain Center,286099.6,298832.9,313981.3,351604.9,369258.4
Mountain Ranch,218818.4,257253.6,285527.6,297563.8,302900.9
Mountain View,1252361.9,1342019.5,1371752.6,1690013.6,1675057.4
Murphys,295345.7,321633.2,344197.7,361211.6,376218.9
Murrieta,355590.6,376108.7,399125.8,429496.4,438660.3
Muscoy,154587.1,167568.7,201084.1,247647.0,267231.6
Napa,550673.3,604852.5,643349.4,676869.2,696357.9
National City,327375.9,365773.4,397061.1,425058.3,455051.8
Needles,77599.3,80971.6,97192.8,115953.2,109491.4
Nevada City,368312.9,394049.2,422677.4,452365.0,459837.5
Newark,645526.4,730053.2,793224.4,938792.2,940864.1
Newberry Springs,106212.3,109733.1,129184.5,154876.3,151748.8
Newcastle,499859.3,538611.1,576383.0,622201.6,645467.8
Newman,203468.1,228078.7,250585.0,279110.6,299202.0
Newport Beach,1664954.9,1658948.8,1815907.6,2017493.5,1968846.9
Nicasio,1109403.3,1206629.2,1233995.4,1290024.8,1299186.6
Nice,119146.8,143615.4,161909.9,180121.4,194615.6
Nicolaus,308618.9,332180.9,376091.3,401144.1,411572.5
Nipomo,502412.9,534617.5,587909.0,614681.8,619679.7
Norco,446271.1,467998.3,493016.1,535650.5,554378.7
North Fork,225161.0,232997.5,242727.5,276020.8,285392.9
North San Juan,229282.5,255855.7,273174.3,296174.5,301678.4
North Tustin,836717.7,853643.9,928800.5,1006263.0,1009332.3
Norwalk,367547.6,385334.1,426300.8,475162.9,494024.4
Novato,680436.8,739656.0,774138.9,826063.4,830571.8
Nuevo,260523.0,287491.0,311474.2,347362.8,359779.6
Oak Park,685476.2,717031.6,754622.8,795592.0,808074.5
Oak View,486535.6,527388.7,560099.8,589468.0,600030.6
Oakdale,307039.3,329527.5,352070.5,377433.9,393467.2
Oakhurst,228503.6,238432.1,251464.3,279899.0,295508.8
Oakland,519819.8,607449.7,660691.6,726912.3,733107.3
Oakley,365513.6,408831.9,445100.1,485211.9,499083.3
Occidental,657341.3,736954.5,793372.5,879656.6,873292.5
Oceano,327434.2,357785.4,404077.3,429952.8,441362.2
Oceanside,424683.5,455990.6,492533.4,521586.7,534150.0
Oildale,127897.4,135451.3,142599.6,154563.4,165538.3
Ojai,621364.2,664661.8,699249.2,739239.4,754662.8
Olivehurst,196797.2,218837.2,245723.0,271995.8,292058.7
Ontario,322692.5,339877.4,377272.0,422326.0,436987.7
Onyx,132254.0,134507.4,147223.5,162001.3,175174.3
Orange,570851.5,594059.1,647718.7,697959.6,702476.1
Orange Cove,128290.9,138932.0,149378.4,158804.8,170272.4
Orangevale,315351.6,341630.9,371322.0,398632.2,411542.9
Oregon House,226451.7,252900.9,280170.0,307283.2,320678.0
Orinda,1310243.4,1388569.3,1444754.1,1509302.6,1496961.3
Orland,198352.7,217263.5,236790.6,255658.4,278983.3
Orosi,131916.4,142927.3,162031.8,170752.8,182069.6
Oroville,168725.2,183191.0,200660.5,219157.3,244505.9
Oxnard,420008.1,451657.5,480210.3,507750.3,520710.6
Pacific Grove,741709.4,821227.8,876641.8,920489.6,933496.7
Pacifica,782881.3,872398.7,939397.4,1068352.3,1083626.5
Pala,557491.1,582258.9,620467.7,675983.7,648293.8
Palermo,132774.5,148763.9,159739.9,175765.6,202819.0
Palm Desert,323092.0,319506.7,322163.4,344746.0,360081.3
Palm Springs,316589.0,324134.7,334045.8,374017.8,393477.9
Palmdale,225570.9,245849.3,272983.8,307907.7,326230.8
Palo Alto,2565781.2,2547084.4,2531612.5,3032229.2,2939515.4
Palomar Mountain,219975.0,244437.4,273764.9,291489.9,298234.2
Palos Verdes Estates,1665871.6,1624661.2,1734591.9,1903812.9,1967725.6
Paradise,417269.4,453622.4,494114.5,534162.1,553890.9
Paramount,293820.2,310400.4,347832.7,400549.0,428501.0
Parlier,137587.8,151830.6,166288.7,180444.1,192265.8
Pasadena,652078.6,663805.8,723205.5,810852.8,829950.6
Paso Robles,404750.3,429878.0,474217.0,501560.9,508177.1
Patterson,260988.8,282995.3,310930.9,346893.1,366527.5
Pauma Valley,461394.2,485602.0,510043.3,523673.3,526628.6
Pearblossom,188771.4,199576.7,225610.7,261905.6,288249.0
Penn Valley,319672.7,337607.4,358702.4,391062.8,398296.4
Penngrove,769317.4,848420.2,901915.4,1000177.1,1004109.1
Penryn,499309.3,537646.7,573267.4,623894.2,648028.7
Perris,244848.7,266168.0,287057.8,316211.2,331222.4
Pescadero,857759.6,898399.0,975819.6,1090008.5,1074002.7
Petaluma,570953.3,618446.7,658962.3,717872.2,718962.6
Phelan,197673.7,213776.1,240896.4,278181.1,281416.0
Pico Rivera,361168.9,379103.8,418663.1,467943.2,492518.5
Piedmont,1747957.1,1865257.2,1937131.4,2095694.3,2089360.5
Pilot Hill,406333.1,436128.0,476033.8,511546.5,519451.6
Pine Grove,256162.5,278570.0,299876.5,324869.1,336504.4
Pine Mountain Club,191356.8,203292.9,218561.4,237858.0,254964.6
Pinon Hills,196313.8,212621.1,242787.1,282244.8,286675.0
Pioneer,191720.6,214190.7,236200.5,261300.9,270181.2
Piru,278413.2,304060.8,337546.4,368573.0,388575.5
Pismo Beach,697322.3,735708.5,826446.9,868073.9,866930.4
Pittsburg,308583.0,351922.9,388013.9,426459.8,439831.1
Pixley,110418.4,121693.6,139862.3,151127.3,162755.5
Placentia,550286.2,577741.0,629327.8,672320.5,678342.0
Placerville,330269.5,359251.4,388746.0,412180.7,422655.4
Planada,98361.0,112343.4,128511.8,145421.0,167862.2
Pleasant Grove,425682.3,468153.0,516688.4,562311.7,582894.2
Pleasant Hill,626126.9,670017.6,714451.2,765469.1,770704.7
Pleasanton,931009.4,1003620.7,1046222.7,1155961.3,1144164.9
Plumas Eureka,225793.9,236269.0,250085.4,271278.4,286437.2
Plymouth,344971.7,384131.7,411727.4,456639.7,475575.7
Point Reyes Station,907458.8,988379.3,1046193.6,1120391.9,1119110.0
Pollock Pines,238320.7,263923.3,291825.9,314238.7,321310.6
Pomona,323669.3,338994.2,373886.8,418823.0,438785.3
Pope Valley,258178.6,307187.2,339858.1,348595.9,340769.8
Port Hueneme,320551.2,347078.7,377820.8,401708.2,411908.5
Porterville,153191.6,163917.7,183404.3,198061.4,210744.0
Portola,138384.0,153189.4,168235.7,186737.3,203180.8
Portola Valley,2993248.5,3160310.7,3099542.0,3294321.6,3274333.0
Potrero,297423.5,309395.5,334922.0,375110.9,381395.6
Potter Valley,360102.5,397151.4,436605.7,462139.9,477264.6
Poway,623378.5,655217.9,695189.3,733911.6,747891.9
Prather,310536.1,327934.8,348902.0,369684.6,384851.2
Quincy,198829.9,213828.4,227854.9,248014.3,257002.9
Ramona,438769.8,477174.1,511410.2,540928.5,544809.3
Ranchita,300566.6,328575.1,365389.6,406106.1,369506.0
Rancho Cordova,286228.4,312658.6,342891.3,372771.3,384633.5
Rancho Cucamonga,431003.1,444426.0,479741.0,521598.6,526585.9
Rancho Mirage,461392.3,457987.5,458952.4,489299.0,508040.9
Rancho Mission Viejo,660084.7,694322.4,714653.6,751998.6,742888.8
Rancho Palos Verdes,1003124.6,1015425.6,1108466.0,1222791.2,1262306.7
Rancho Santa Fe,2290532.9,2303720.3,2333185.5,2426035.3,2399600.9
Rancho Santa Margarita,525337.7,549676.0,593683.2,635330.1,635438.7
Raymond,252194.1,267882.3,286600.8,326698.7,338191.8
Red Bluff,171926.2,183066.6,194974.9,209573.6,225783.9
Redding,227693.5,237594.4,251591.5,267012.8,282822.8
Redlands,330610.0,342811.4,379429.4,419479.6,427400.0
Redondo Beach,797864.8,828417.6,907550.1,1028230.1,1057029.5
Redwood City,1121640.4,1256163.7,1318421.1,1518774.4,1508910.3
Redwood Valley,434061.3,469014.4,510298.6,524148.6,547565.4
Reedley,187550.4,203031.7,221632.6,239755.7,249347.2
Rescue,461763.8,500082.0,536651.4,570008.1,592706.0
Rialto,259029.7,276354.9,304360.4,344210.3,360507.9
Richgrove,98057.4,107393.0,120693.5,130942.0,147350.2
Richmond,353344.4,413667.4,456288.7,507006.5,524021.1
Richvale,186617.8,209799.6,234797.6,266141.5,297184.3
Ridgecrest,154002.1,163758.4,180529.1,194099.9,201616.5
Rio Dell,207771.1,228076.9,255765.0,270342.6,293309.4
Rio Linda,221711.5,250873.9,280045.3,305555.4,317057.7
Rio Oso,355227.7,374180.1,424021.1,454306.2,468073.0
Rio Vista,300699.8,324964.6,353117.4,381192.4,388037.9
Ripon,366006.9,396963.9,428361.2,460511.6,479223.9
Riverbank,243347.6,268350.6,291928.1,316287.9,328858.7
Riverdale,155404.7,170125.0,188218.4,205910.0,221004.3
Riverside,324565.1,343989.8,365396.4,400244.7,412844.7
Robbins,177970.4,198063.6,229934.9,251462.6,265059.8
Rocklin,405098.5,428616.5,455627.6,485638.2,504612.9
Rohnert Park,427624.2,471464.5,504740.8,557995.1,559304.7
Rolling Hills,1850071.0,1828150.6,1995079.3,2243759.4,2373884.5
Rolling Hills Estates,1132544.4,1136839.7,1219842.3,1338863.0,1369803.8
Rosamond,168910.7,185547.4,209468.9,239594.1,255871.5
Rosemead,496687.1,502941.4,543612.6,608635.4,629312.1
Rosemont,232200.6,259063.3,285951.4,315301.6,330768.5
Roseville,379559.6,402288.3,430055.4,457145.7,472678.1
Ross,2602358.6,2749924.4,2791472.7,2905715.6,2882709.8
Rough and Ready,342662.3,374936.5,398450.3,424155.5,432400.1
Rowland Heights,575811.7,579092.6,615540.3,663683.8,669401.6
Running Springs,150105.7,162510.1,182038.6,215953.1,223894.5
Sacramento,243365.5,275734.1,303975.0,330534.9,342821.9
Saint Helena,1198877.1,1296618.1,1361425.9,1434165.1,1461231.8
Salida,249665.2,272682.9,296917.5,323733.7,341190.4
Salinas,370551.0,408174.0,440777.4,468437.9,490597.1
San Andreas,178146.6,200545.8,227090.0,255710.9,263136.3
San Anselmo,1034863.6,1104200.9,1167813.9,1259759.1,1245153.3
San Bernardino,194960.7,210678.7,238739.6,275611.0,289502.8
San Bruno,736664.3,828418.3,895081.7,1027768.9,1041492.9
San Carlos,1498542.7,1621401.2,1688568.2,1908994.2,1861856.3
San Clemente,773166.2,799581.7,864583.8,932401.7,935027.1
San Diego,513680.1,548150.0,588067.9,630605.6,642380.1
San Dimas,509551.9,526689.9,566781.0,619473.0,630936.7
San Fernando,337297.5,358360.7,396974.0,451794.9,481225.0
San Francisco,1075753.3,1151329.7,1185362.2,1296882.3,1299272.9
San Gabriel,643760.5,647189.0,701487.1,777254.2,783384.5
San Geronimo,757107.0,830364.6,870811.6,934434.3,931841.8
San Jacinto,210691.1,229438.5,250071.4,279181.9,291944.7
San Joaquin,116180.6,129049.3,146826.3,163540.0,175835.7
San Jose,730391.2,783150.1,813893.9,1006491.3,1014061.4
San Juan Bautista,562696.4,625242.5,651715.2,671844.4,697751.7
San Juan Capistrano,637163.6,663109.6,715332.5,765114.0,760363.3
San Leandro,492812.5,555016.5,600970.2,669078.0,674092.5
San Lorenzo,472649.9,529659.7,576922.7,653320.5,658904.6
San Luis Obispo,614023.2,644493.9,700474.5,739579.3,749176.3
San Marcos,507907.8,541475.9,573260.3,605968.3,615749.9
San Marino,2046944.0,1946794.8,2045484.0,2232942.6,2259151.5
San Martin,910747.3,937098.4,951342.1,1132638.7,1147274.0
San Mateo,1052284.3,1158574.3,1238667.5,1430179.2,1409430.7
San Miguel,319140.8,338721.0,375469.5,398316.6,408600.2
San Pablo,306104.4,357820.4,394802.2,436943.5,459725.0
San Rafael,807412.1,865809.9,911860.6,984503.3,987858.1
San Ramon,882701.4,937805.4,976805.4,1046805.5,1061816.9
Sanger,191685.5,208466.2,225376.6,245860.8,261958.2
Santa Ana,399638.8,419916.0,468938.9,524812.9,535747.8
Santa Barbara,989708.7,1047451.4,1071905.5,1108113.3,1113157.1
Santa Clara,873738.8,951947.3,990671.8,1273106.2,1273954.6
Santa Clarita,453741.4,474570.2,508526.2,551184.5,562234.6
Santa Cruz,781895.2,850458.8,909891.4,988183.2,973500.6
Santa Fe Springs,380464.0,397001.8,437387.7,484809.8,502963.3
Santa Maria,319382.3,346465.5,364236.4,383841.0,396951.4
Santa Monica,1133089.4,1135815.4,1244451.1,1482005.1,1527865.7
Santa Paula,377971.7,406934.3,435573.7,465581.5,477962.6
Santa Rosa,464441.6,508950.3,544879.5,600825.7,594486.4
Santa Ynez,1001277.4,1057963.7,1080063.9,1107056.8,1142967.6
Santa Ysabel,467488.6,500991.8,541420.9,571478.0,567516.5
Santee,408561.8,438440.2,469423.2,496714.7,511269.8
Saratoga,2160672.4,2204754.9,2204105.3,2647544.6,2696387.2
Sausalito,1101698.8,1187370.6,1230743.7,1312461.2,1319112.9
Scotts Valley,785168.1,844729.9,888932.0,948229.2,949937.9
Seal Beach,455832.3,476883.6,527925.6,573086.2,583180.9
Seaside,411746.8,450490.6,488358.8,523526.9,546839.9
Sebastopol,715319.7,777711.6,824668.5,891687.8,899200.5
Selma,172282.6,186572.3,199899.5,216642.5,229671.7
Shafter,179619.4,193970.4,205319.5,220158.9,234531.4
Shandon,238143.3,259609.1,295108.6,319486.0,329581.3
Shaver Lake,357591.8,376222.7,385166.0,400532.2,407630.0
Sheridan,250645.1,286020.7,319646.9,345642.0,363955.6
Shingle Springs,381562.9,411922.3,442549.3,473919.2,491251.3
Sierra City,186151.2,199314.5,214940.9,231874.7,239952.3
Sierra Madre,814342.3,827272.1,902497.3,991197.8,1011345.2
Sierraville,210490.1,239859.3,264877.3,297386.4,312910.5
Signal Hill,419926.8,431084.0,455609.1,511106.4,532235.3
Silverado,529951.4,551464.2,614769.8,669296.2,664679.5
Simi Valley,498908.9,530266.1,559115.6,587343.7,594986.5
Sloughhouse,415103.1,446297.8,482495.7,516924.0,529136.6
Smartsville,271536.5,308138.3,331705.4,362973.1,371118.8
Smith River,230392.7,251185.3,263270.7,290459.2,307108.7
Snelling,238084.9,257046.4,285863.5,302384.6,322407.9
Soda Springs,422246.4,447302.1,459802.2,490595.9,511194.7
Solana Beach,1097618.1,1174586.8,1245113.4,1310989.6,1311012.4
Soledad,292119.6,327275.2,351220.1,375330.7,396661.1
Solvang,681262.4,734639.8,761816.6,784754.2,801364.4
Somerset,292116.7,319167.2,349907.1,373292.5,376078.0
Somis,868102.7,912291.9,969649.4,1019611.1,1060613.1
Sonoma,648781.4,711603.3,742943.5,809146.1,803452.5
Soquel,768434.5,843945.8,884068.0,948813.1,929598.9
South El Monte,366706.9,383200.7,422328.5,474961.4,490874.8
South Gate,336348.1,355069.0,392223.1,440418.8,465036.1
South Lake Tahoe,372601.2,397060.6,426875.8,463525.2,475068.2
South Pasadena,941988.8,931976.6,1013936.7,1178199.0,1218606.6
South San Francisco,746064.4,830766.8,887066.0,1014644.7,1017816.0
Spring Valley,385473.0,420278.6,452897.3,480024.7,491785.0
Springville,225674.5,240114.6,259222.3,276935.8,285872.9
Squaw Valley,181891.0,197709.2,214871.2,231885.1,239307.7
Standish,180720.8,205089.9,222684.6,239172.0,248217.7
Stanford,1984604.3,2055566.8,2104314.6,2468028.5,2470527.7
Stanton,367363.3,387784.6,429102.8,476820.6,486496.0
Stevinson,275705.8,313267.9,335237.5,369092.0,391950.4
Stinson Beach,1838791.7,2093904.6,2261489.8,2437797.7,2397260.2
Stirling City,67108.2,87254.3,97641.5,114837.1,148463.4
Stockton,204000.2,229484.5,258585.8,289512.9,306215.1
Stratford,107185.3,115580.5,132521.0,143059.4,155389.4
Strathmore,119882.0,129101.6,145110.3,160518.3,178390.3
Sugarloaf,131544.0,140705.6,155442.5,182487.9,194391.3
Suisun City,295180.9,327128.0,361931.8,394997.3,408081.4
Summerland,1436318.7,1579623.8,1617666.2,1657143.6,1637500.9
Sunnyvale,1148886.9,1233564.0,1265598.6,1621042.8,1609138.3
Sunol,1006549.8,1141553.5,1191482.8,1271660.3,1210034.8
Susanville,133644.8,149359.6,162082.6,175280.1,183553.9
Sutter,196603.5,216764.0,239747.9,262685.2,281580.3
Sutter Creek,284657.8,312444.7,329705.1,357129.0,376442.3
Taft,103415.8,112209.0,114453.8,120324.2,126620.1
Taft Mosswood,135206.6,162204.5,189700.0,227120.0,246963.3
Tahoe City,614604.9,647923.1,679015.5,720438.7,749926.1
Tahoe Vista,421536.3,448393.8,476149.4,511176.0,534226.2
Tahoma,514943.1,541984.7,571292.8,617278.4,635153.5
Tehachapi,217316.4,235250.5,252463.3,268613.8,280393.3
Tehama,138520.3,146229.9,150357.5,161856.5,188871.9
Temecula,397298.4,416666.1,438501.0,473668.7,481703.4
Temple City,690401.1,690235.6,740718.1,811415.3,814859.8
Templeton,503250.9,534833.8,587127.3,623373.9,633762.8
Terra Bella,172694.5,186778.8,200052.0,214531.1,232825.4
The Sea Ranch,769208.7,807603.1,824602.7,857958.4,840771.2
Thermal,111740.7,127830.3,139779.2,155185.0,164369.1
Thornton,202135.5,233790.6,262619.9,292062.4,304197.7
Thousand Oaks,633639.6,665592.9,700551.5,732343.5,738732.9
Thousand Palms,162862.0,181167.8,198711.4,220514.2,233461.7
Three Rivers,272929.1,288116.5,314599.1,336643.1,357856.0
Tiburon,1954778.1,2056715.7,2091155.9,2249503.1,2243557.3
Tipton,114343.3,127227.2,146423.1,153589.8,166964.8
Tollhouse,237761.7,254302.4,262803.9,281061.4,293437.2
Tomales,746677.6,796304.4,840576.7,884461.4,883479.6
Topanga,850123.0,832758.7,915340.7,1045200.7,1112944.8
Torrance,662422.6,679791.5,739432.6,815812.3,841905.5
Tracy,407466.0,440691.4,469956.9,514024.8,531572.6
Tranquillity,125086.8,142211.4,159181.0,179430.1,198991.0
Trinidad,456423.8,490828.8,548676.5,582639.2,588309.9
Trinity Center,219201.1,230679.9,243114.3,248156.3,252626.7
Trona,25905.8,31083.7,40366.9,53398.1,51614.0
Truckee,539220.6,559687.0,599779.1,641360.9,661928.2
Tulare,165818.9,178323.6,197548.0,209889.4,220870.2
Tulelake,75139.7,80722.0,88043.3,97043.0,106876.0
Turlock,262503.0,283021.4,303565.1,327031.1,341764.6
Tustin,571655.0,593230.0,642777.8,693894.6,695482.3
Twentynine Palms,101000.6,103554.2,116157.8,139607.8,144651.8
Twin Bridges,234395.2,261416.2,284456.6,309967.7,319212.8
Ukiah,343585.8,373441.7,406136.1,433872.5,458200.8
Union City,650252.3,720078.5,773075.3,896312.1,897514.2
Upland,454200.6,465432.2,506686.1,547184.6,552770.7
Upper Lake,217753.3,246166.6,269154.1,292717.1,304654.5
Vacaville,364455.7,392921.6,421306.0,454224.7,468573.2
Valinda,372241.8,390470.5,428045.3,478792.1,502366.4
Vallecito,243754.2,264644.3,283585.0,301171.0,316268.8
Vallejo,279135.6,321328.2,356729.1,397893.7,412439.3
Valley Center,517666.8,552840.9,585457.4,624942.9,624917.9
Valley Springs,252741.1,280572.5,305894.1,333287.0,346042.5
Ventura,503414.1,536247.0,569635.6,598804.4,609135.3
Vernalis,624770.3,692804.5,731010.2,806207.0,817565.8
Victorville,185246.2,200015.2,225102.0,252460.7,262808.9
View Park-Windsor Hills,567186.8,595286.9,661750.9,780228.8,866460.1
Villa Park,1098417.0,1111688.8,1191244.6,1286112.0,1285813.4
Visalia,196342.9,209425.2,228623.5,243615.4,255003.7
Vista,437854.9,470630.7,503304.9,532754.2,544957.1
Volcano,249915.9,275056.8,301568.9,325945.2,334830.2
Wallace,324844.6,355179.7,379516.3,407539.0,421955.9
Walnut,762583.4,751350.8,789593.1,833383.9,830204.1
Walnut Creek,691937.8,739953.0,781498.2,833325.9,841184.1
Walnut Grove,343711.3,372054.4,403558.9,434212.4,444675.7
Warner Springs,305133.1,338452.2,370092.1,405139.1,400829.9
Wasco,150171.3,162456.8,171730.8,182873.5,194615.3
Waterford,199893.0,225485.9,249836.5,273063.0,285594.8
Watsonville,485491.0,528939.5,566880.2,610774.3,623427.7
Weaverville,204592.2,215873.3,235318.9,253933.2,253377.7
Weed,153422.8,166391.4,186571.6,204939.9,218608.0
Weldon,108303.4,112187.3,120741.6,130245.3,136997.1
West Athens,322200.4,343924.5,386596.3,446649.3,483489.5
West Carson,397043.9,414672.5,459692.1,516668.3,542003.2
West Compton,323897.9,345070.9,391559.9,448606.9,479359.8
West Covina,445917.1,461027.6,501784.9,553817.0,570472.8
West Hollywood,717019.8,742157.5,809620.7,911185.7,949095.7
West Point,141987.2,170089.1,193017.0,212934.4,227475.2
West Puente Valley,357269.9,371961.6,409463.0,464575.5,483208.6
West Sacramento,283643.4,312032.8,348739.6,376944.8,387774.1
Westlake Village,865848.2,891407.0,943150.4,1003391.3,1013228.8
Westminster,533885.0,555137.6,607713.7,664840.8,676782.2
Westmont,294601.8,315931.9,355700.0,419247.8,458007.6
Westwood,218475.4,234636.6,249343.1,278189.2,293285.3
Wheatland,225250.8,244871.7,271127.3,295838.3,312118.9
White Water,129636.1,148214.1,168346.6,198336.6,212130.8
Whitethorn,297454.2,326547.8,351531.8,367500.5,374061.8
Whittier,426161.0,446811.5,487428.6,535918.4,552625.8
Wildomar,325244.3,348321.3,372686.9,400386.3,409972.0
Williams,179777.7,199125.7,216306.5,236022.5,253652.1
Willits,262320.3,294216.1,322598.6,343883.7,352668.9
Willow Creek,263090.3,283843.9,311537.9,325389.6,329625.4
Willowbrook,264999.0,289581.5,330982.5,383979.1,424188.0
Willows,154149.5,169934.7,182107.6,202155.6,223324.3
Wilseyville,151401.5,178536.6,200009.6,213326.4,220809.6
Wilton,509331.1,551048.0,594141.0,640089.2,659935.4
Winchester,351762.8,374157.7,398476.6,427309.2,435457.0
Windsor,507771.7,559353.0,601115.1,661277.7,661992.7
Winters,347432.1,384266.4,422849.6,449086.0,466166.9
Winton,138351.4,153301.6,171581.6,192830.4,216046.7
Wofford Heights,135975.0,139256.9,145408.7,152888.8,163333.5
Woodacre,680729.0,743120.1,783501.3,849210.3,842643.4
Woodbridge,329691.7,349063.6,373597.0,407492.6,423440.0
Woodlake,143752.0,154168.5,169721.2,180184.1,195126.6
Woodland,307135.6,333474.8,368790.8,397103.0,411641.6
Woodside,2626813.2,2800533.9,2817848.0,2991969.1,2977233.9
Wrightwood,235132.7,248198.4,275207.7,310635.1,312971.9
Yermo,54625.5,57059.6,71027.5,101357.4,104907.1
Yorba Linda,725851.2,741431.0,798790.2,851558.7,846823.6
Yountville,804310.8,864163.2,915109.8,964335.2,992205.4
Yreka,146663.0,155553.3,163145.6,174738.5,190141.5
Yuba City,222405.7,240476.2,267727.7,292844.2,307497.6
Yucaipa,289755.2,306504.9,336133.9,371743.9,379896.7
Yucca Valley,132496.1,141398.5,161270.1,194505.4,204356.4
