Year,Geographic Area Name,Population 25 years and over - Less than 9th grade,Percent Population 25 years and over - Less than 9th grade,Population 25 years and over - 9th to12th (No Diploma),Percent Population 25 years and over - 9th to12th (No Diploma),Population 25 years and over - High School Graduate (and equivalent),Percent Population 25 years and over - High School Graduate (and equivalent),"Population 25 years and over - Some college, no degree","Percent Population 25 years and over - Some college, no degree",Population 25 years and over - Associate's degree,Percent Population 25 years and over - Associate's degree,Population 25 years and over - Bachelor's degree,Percent Population 25 years and over - Bachelor's degree,Population 25 years and over - Graduate or Prefessional Degree,Percent Population 25 years and over - Graduate or Prefessional Degree
2015,Alameda,2089,3.6,2089,3.6,7242,12.3,11010,18.7,4306,7.3,21182,36.0,10862,18.5
2015,Alhambra,5402,8.3,4923,7.6,18760,28.8,9435,14.5,3932,6.0,14871,22.9,7725,11.9
2015,Anaheim,32506,14.4,25762,11.4,53477,23.6,47633,21.1,14397,6.4,39422,17.4,13082,5.8
2015,Antioch,5393,7.8,3315,4.8,17637,25.7,23049,33.5,5950,8.7,9369,13.6,4041,5.9
2015,Apple Valley,1502,3.5,4536,10.5,14301,33.1,11302,26.2,3354,7.8,4941,11.4,3219,7.5
2015,Arden-Arcade,2984,4.2,3953,5.5,15345,21.5,18583,26.1,6334,8.9,15277,21.4,8850,12.4
2015,Bakersfield,23326,10.6,22434,10.2,63568,28.8,46592,21.1,17529,7.9,30713,13.9,16564,7.5
2015,Baldwin Park,11082,22.1,6156,12.3,15636,31.1,7172,14.3,3162,6.3,5410,10.8,1583,3.2
2015,Bellflower,5350,11.5,5960,12.8,12421,26.6,10068,21.6,3719,8.0,6879,14.7,2274,4.9
2015,Berkeley,1757,2.2,1544,2.0,4479,5.7,9677,12.4,3565,4.6,25399,32.5,31751,40.6
2015,Buena Park,5133,9.3,5254,9.5,11149,20.2,12615,22.9,4009,7.3,13486,24.5,3510,6.4
2015,Burbank,3670,5.0,2815,3.8,13668,18.4,19317,26.1,6208,8.4,18292,24.7,10146,13.7
2015,Camarillo,2824,6.0,2003,4.2,6404,13.5,12871,27.1,3816,8.0,11636,24.5,7900,16.6
2015,Carlsbad,2127,2.7,1333,1.7,10575,13.3,14954,18.8,6921,8.7,24951,31.4,18536,23.3
2015,Carmichael,1027,2.3,2668,6.0,9767,21.8,12989,29.0,4052,9.0,7949,17.7,6339,14.2
2015,Carson,8217,12.4,5627,8.5,14770,22.3,14595,22.0,5321,8.0,13703,20.7,4037,6.1
2015,Chico,1334,2.5,2401,4.6,8414,16.0,13729,26.1,5612,10.7,14670,27.9,6368,12.1
2015,Chino,5006,8.4,9899,16.5,14437,24.1,14737,24.6,5613,9.4,7122,11.9,3087,5.2
2015,Chino Hills,2635,4.8,1520,2.8,8197,14.9,14926,27.1,4063,7.4,15596,28.3,8118,14.7
2015,Chula Vista,14303,8.5,15691,9.3,31693,18.8,41839,24.8,15056,8.9,36064,21.3,14379,8.5
2015,Citrus Heights,1668,2.8,3615,6.0,16617,27.7,18875,31.4,8215,13.7,8673,14.4,2383,4.0
2015,Clovis,2439,3.5,3123,4.4,15211,21.6,20138,28.7,8426,12.0,12968,18.5,7956,11.3
2015,Compton,14282,25.2,9037,15.9,14646,25.8,10594,18.7,2759,4.9,3800,6.7,1644,2.9
2015,Concord,6704,7.2,5623,6.1,18153,19.6,23749,25.6,7419,8.0,22869,24.7,8236,8.9
2015,Corona,6578,6.0,8970,8.2,27858,25.5,26457,24.2,9366,8.6,20770,19.0,9375,8.6
2015,Costa Mesa,7780,9.7,5163,6.5,10806,13.5,17684,22.1,6282,7.9,21123,26.5,11020,13.8
2015,Daly City,5774,7.3,4743,6.0,14572,18.4,18281,23.1,7692,9.7,22839,28.8,5391,6.8
2015,Davis,232,0.7,273,0.8,1722,4.9,2996,8.5,1850,5.2,11778,33.4,16461,46.6
2015,Downey,8742,11.5,9705,12.7,16429,21.5,19173,25.1,6848,9.0,11479,15.1,3892,5.1
2015,East Los Angeles,26217,35.4,12685,17.1,15134,20.5,10786,14.6,2756,3.7,5245,7.1,1149,1.6
2015,El Cajon,7170,10.9,4690,7.1,18985,28.8,17399,26.4,5121,7.8,8419,12.8,4245,6.4
2015,Elk Grove,5924,5.6,3893,3.7,19310,18.3,26757,25.4,11334,10.7,28539,27.1,9737,9.2
2015,El Monte,21728,27.7,12001,15.3,20867,26.6,8376,10.7,5049,6.4,7564,9.7,2786,3.6
2015,Escondido,14371,14.6,8958,9.1,18659,19.0,25028,25.5,8556,8.7,15031,15.3,7500,7.6
2015,Fairfield,4541,6.3,5076,7.0,17113,23.6,18970,26.2,7564,10.4,13333,18.4,5861,8.1
2015,Florence-Graham,15521,40.1,7037,18.2,8228,21.3,4488,11.6,704,1.8,2154,5.6,541,1.4
2015,Folsom,1192,2.2,2030,3.7,8493,15.6,10178,18.7,3974,7.3,16223,29.8,12324,22.6
2015,Fontana,19110,16.0,15687,13.2,34736,29.1,26623,22.3,6477,5.4,12294,10.3,4298,3.6
2015,Fremont,4406,2.7,4574,2.8,33203,20.4,24562,15.1,8320,5.1,45717,28.0,42282,25.9
2015,Fresno,41579,13.5,33664,10.9,72889,23.7,77999,25.4,21900,7.1,40962,13.3,18541,6.0
2015,Fullerton,8320,9.1,6762,7.4,14920,16.3,18647,20.4,5994,6.5,23220,25.4,13685,14.9
2015,Garden Grove,17228,14.4,15918,13.3,31688,26.6,23724,19.9,8235,6.9,17394,14.6,5108,4.3
2015,Glendale,14325,9.4,6916,4.5,31047,20.3,28118,18.4,12348,8.1,38138,24.9,22139,14.5
2015,Hawthorne,7037,12.3,7731,13.5,15843,27.6,14426,25.1,2853,5.0,6991,12.2,2533,4.4
2015,Hayward,11385,10.6,7090,6.6,32388,30.3,22933,21.5,5836,5.5,20445,19.1,6835,6.4
2015,Hemet,4582,8.8,6351,12.2,15949,30.5,15393,29.5,4745,9.1,3551,6.8,1672,3.2
2015,Hesperia,5353,10.0,5793,10.8,20096,37.6,13358,25.0,3230,6.0,3690,6.9,1956,3.7
2015,Huntington Beach,5464,3.7,6364,4.3,25497,17.3,36384,24.6,12315,8.3,36721,24.9,25005,16.9
2015,Indio,6601,11.8,6148,11.0,17100,30.5,13366,23.8,3339,5.9,6838,12.2,2745,4.9
2015,Inglewood,10576,14.4,8983,12.3,15137,20.6,19297,26.3,6177,8.4,9685,13.2,3451,4.7
2015,Irvine,2406,1.4,3235,1.9,13948,8.3,22918,13.7,9379,5.6,66222,39.5,49569,29.6
2015,Jurupa Valley,12090,19.6,7191,11.6,17295,28.0,13364,21.6,3988,6.5,5748,9.3,2102,3.4
2015,Laguna Niguel,735,1.5,1076,2.2,6446,13.4,9743,20.2,5129,10.7,15173,31.5,9852,20.5
2015,Lake Forest,2601,4.5,1937,3.3,8832,15.1,12267,21.0,5739,9.8,16630,28.5,10419,17.8
2015,Lakewood,2866,5.1,2885,5.1,13690,24.1,13697,24.1,6225,11.0,12012,21.2,5377,9.5
2015,Lancaster,6466,6.5,8426,8.5,29389,29.6,30797,31.1,8996,9.1,9832,9.9,5229,5.3
2015,Livermore,1689,2.8,2370,4.0,9697,16.2,13949,23.3,6766,11.3,16256,27.2,9013,15.1
2015,Long Beach,39518,12.5,27313,8.6,60531,19.2,70794,22.4,24764,7.8,59359,18.8,33785,10.7
2015,Los Angeles,372012,13.8,262965,9.8,543037,20.2,477244,17.8,155266,5.8,579600,21.6,297791,11.1
2015,Lynwood,9878,23.3,7890,18.6,11845,27.9,7143,16.8,2550,6.0,2356,5.6,769,1.8
2015,Manteca,3195,6.7,4916,10.3,16174,33.8,11040,23.1,5809,12.1,4973,10.4,1713,3.6
2015,Menifee,3442,6.1,4843,8.5,16216,28.6,17411,30.7,4845,8.5,5465,9.6,4453,7.9
2015,Merced,6047,13.0,5783,12.4,11458,24.6,10118,21.8,4004,8.6,5244,11.3,3839,8.3
2015,Milpitas,3301,6.1,2687,5.0,8687,16.2,9393,17.5,4332,8.1,16252,30.3,9053,16.9
2015,Mission Viejo,2448,3.5,2673,3.8,9374,13.4,16129,23.1,7427,10.6,20462,29.3,11253,16.1
2015,Modesto,14180,10.6,12269,9.1,35146,26.2,37848,28.2,10291,7.7,16439,12.2,8130,6.1
2015,Moreno Valley,16636,13.8,14799,12.2,34966,28.9,26474,21.9,9994,8.3,12392,10.2,5710,4.7
2015,Mountain View,1712,3.1,1586,2.8,7098,12.7,5355,9.6,3325,5.9,15738,28.1,21146,37.8
2015,Murrieta,2414,3.6,2951,4.3,16756,24.7,20823,30.7,5354,7.9,13245,19.5,6326,9.3
2015,Napa,7623,14.0,2117,3.9,9807,18.1,13654,25.1,4803,8.8,11384,21.0,4943,9.1
2015,Newport Beach,463,0.7,927,1.4,5367,8.2,13670,20.8,3119,4.7,25059,38.2,17062,26.0
2015,Norwalk,9489,13.8,7440,10.8,18863,27.3,15298,22.2,6099,8.8,9109,13.2,2697,3.9
2015,Oakland,34484,11.6,26540,8.9,46425,15.6,55641,18.6,15841,5.3,66787,22.4,52656,17.6
2015,Oceanside,8893,7.3,7078,5.8,26287,21.5,33969,27.7,11443,9.3,23297,19.0,11486,9.4
2015,Ontario,15798,15.4,12839,12.5,28333,27.6,23091,22.5,6555,6.4,11824,11.5,4157,4.1
2015,Orange,8138,8.7,5374,5.7,16921,18.0,22558,24.1,6990,7.5,23296,24.8,10483,11.2
2015,Oxnard,29996,24.1,12730,10.2,26561,21.3,25882,20.8,8662,6.9,14521,11.6,6334,5.1
2015,Palmdale,12731,13.3,9793,10.2,26512,27.7,25459,26.6,8449,8.8,9178,9.6,3552,3.7
2015,Palo Alto,665,1.4,1003,2.1,1479,3.2,4227,9.0,2049,4.4,13172,28.1,24275,51.8
2015,Pasadena,8816,8.6,4725,4.6,13869,13.5,16806,16.4,7499,7.3,26939,26.3,23809,23.2
2015,Perris,7024,17.8,7680,19.5,10989,27.9,8497,21.6,2517,6.4,2199,5.6,519,1.3
2015,Pittsburg,5180,11.6,4125,9.2,10643,23.8,12179,27.3,3603,8.1,6220,13.9,2704,6.1
2015,Pleasanton,1688,3.2,1307,2.5,5852,11.0,8899,16.8,2449,4.6,18233,34.4,14584,27.5
2015,Pomona,18302,19.4,11277,12.0,21525,22.8,17955,19.1,6635,7.0,13061,13.9,5479,5.8
2015,Rancho Cordova,2535,5.3,2189,4.6,11431,23.8,14456,30.1,4423,9.2,9883,20.6,3062,6.4
2015,Rancho Cucamonga,3071,2.8,5014,4.5,23896,21.6,33815,30.6,9962,9.0,21542,19.5,13149,11.9
2015,Redding,1312,2.1,3351,5.3,13397,21.3,18770,29.8,8432,13.4,11705,18.6,5965,9.5
2015,Redlands,1317,2.8,3521,7.6,9046,19.4,10694,22.9,4673,10.0,9509,20.4,7874,16.9
2015,Redondo Beach,790,1.5,955,1.8,5348,10.2,9039,17.2,4691,8.9,19568,37.2,12174,23.2
2015,Redwood City,6275,10.5,3238,5.4,9747,16.2,8986,15.0,3917,6.5,14677,24.5,13169,21.9
2015,Rialto,12168,19.1,9454,14.9,19712,31.0,11886,18.7,4449,7.0,4604,7.2,1369,2.2
2015,Richmond,7829,10.3,7043,9.3,17650,23.3,16295,21.5,7241,9.6,12616,16.7,7035,9.3
2015,Riverside,18557,9.4,22281,11.2,50255,25.3,47750,24.1,15351,7.7,26714,13.5,17347,8.7
2015,Roseville,2426,2.8,4173,4.7,15495,17.6,22048,25.0,11157,12.7,22970,26.1,9799,11.1
2015,Sacramento,27774,8.6,25996,8.0,70635,21.9,71877,22.2,29064,9.0,64091,19.8,33772,10.4
2015,Salinas,28593,31.1,11479,12.5,17753,19.3,15412,16.7,6705,7.3,8883,9.7,3190,3.5
2015,San Bernardino,17160,14.1,20909,17.2,34381,28.3,27694,22.8,6318,5.2,9771,8.1,5041,4.2
2015,San Buenaventura (Ventura),5363,7.0,5419,7.0,15311,19.9,20203,26.2,6556,8.5,15245,19.8,8908,11.6
2015,San Clemente,1315,2.8,1272,2.7,5260,11.1,10696,22.7,4095,8.7,16572,35.1,8006,17.0
2015,San Diego,62516,6.6,59119,6.2,149407,15.8,191071,20.2,64717,6.8,244058,25.8,175108,18.5
2015,San Francisco,56405,8.2,28375,4.1,87434,12.8,96288,14.1,38150,5.6,227064,33.2,150105,22.0
2015,San Jose,70391,10.1,45510,6.5,121953,17.5,122499,17.6,53037,7.6,167117,24.0,116806,16.8
2015,San Leandro,6085,9.3,5999,9.1,15122,23.0,14063,21.4,4983,7.6,14084,21.5,5298,8.1
2015,San Marcos,5449,9.4,3074,5.3,11719,20.2,14025,24.1,4531,7.8,12291,21.2,7018,12.1
2015,San Mateo,5518,7.4,3415,4.6,9567,12.9,12228,16.5,5267,7.1,22741,30.6,15479,20.9
2015,San Ramon,1311,2.7,605,1.2,4978,10.1,6660,13.5,2911,5.9,20234,40.9,12772,25.8
2015,Santa Ana,59682,29.4,33214,16.4,47818,23.6,29903,14.8,8823,4.4,16173,8.0,7117,3.5
2015,Santa Barbara,5091,8.0,4654,7.3,8293,13.0,11444,17.9,3529,5.5,18599,29.1,12363,19.3
2015,Santa Clara,4053,4.6,3539,4.0,12670,14.3,13587,15.3,5812,6.6,26563,30.0,22428,25.3
2015,Santa Clarita,6706,5.5,6150,5.0,26235,21.5,29753,24.4,12020,9.9,28760,23.6,12280,10.1
2015,Santa Maria,18283,31.1,7023,11.9,10990,18.7,11688,19.9,3574,6.1,5186,8.8,2077,3.5
2015,Santa Monica,1429,2.0,1251,1.7,7842,10.7,11516,15.8,3246,4.4,27878,38.2,19793,27.1
2015,Santa Rosa,8960,7.4,8695,7.1,24597,20.2,32442,26.6,10127,8.3,23746,19.5,13282,10.9
2015,Simi Valley,4652,5.5,3890,4.6,18444,21.7,19017,22.4,8628,10.2,20802,24.5,9502,11.2
2015,South Gate,16306,27.7,10436,17.8,14848,25.3,8160,13.9,3095,5.3,4552,7.7,1396,2.4
2015,South San Francisco,5670,11.9,4865,10.2,10068,21.1,9200,19.3,4334,9.1,10471,22.0,3028,6.4
2015,Stockton,27081,14.4,20824,11.1,47536,25.3,42235,22.4,16960,9.0,22942,12.2,10606,5.6
2015,Sunnyvale,4599,4.2,4357,4.0,12251,11.2,13238,12.1,6630,6.0,32783,29.9,35870,32.7
2015,Temecula,2555,3.6,3821,5.4,16021,22.7,20630,29.3,6490,9.2,11886,16.9,9119,12.9
2015,Thousand Oaks,3465,3.8,2572,2.9,13404,14.9,20087,22.3,6447,7.2,25369,28.2,18773,20.8
2015,Torrance,3026,2.9,2469,2.4,17509,17.0,23310,22.6,8598,8.3,32099,31.1,16139,15.6
2015,Tracy,4246,7.8,4114,7.6,11702,21.6,13482,24.9,5472,10.1,11213,20.7,3958,7.3
2015,Turlock,3200,6.8,4647,9.9,12625,27.0,10683,22.8,3186,6.8,7882,16.8,4599,9.8
2015,Tustin,3239,6.2,3797,7.3,9023,17.3,10301,19.8,4152,8.0,15448,29.7,6066,11.7
2015,Union City,1888,3.5,2093,3.9,14365,26.7,11097,20.7,3646,6.8,12823,23.9,7795,14.5
2015,Upland,2232,4.2,4116,7.7,11213,21.1,14971,28.1,4967,9.3,10292,19.3,5435,10.2
2015,Vacaville,2828,4.4,4065,6.3,17205,26.8,18309,28.5,8625,13.4,9199,14.3,3989,6.2
2015,Vallejo,4790,5.6,6704,7.9,21260,25.0,24106,28.3,7662,9.0,15983,18.8,4692,5.5
2015,Victorville,6141,8.5,9723,13.4,19516,26.9,19530,26.9,5941,8.2,6803,9.4,4927,6.8
2015,Visalia,9007,11.2,7057,8.8,17910,22.2,21982,27.3,7635,9.5,12303,15.3,4618,5.7
2015,Vista,8477,14.2,4496,7.5,14538,24.3,13660,22.8,5056,8.4,8427,14.1,5209,8.7
2015,Walnut Creek,129,0.2,842,1.6,4929,9.5,8240,15.9,3233,6.2,19375,37.3,15157,29.2
2015,West Covina,6137,8.1,5371,7.1,20344,26.7,17464,22.9,6570,8.6,15204,20.0,5057,6.6
2015,Westminster,9320,13.8,5510,8.1,14094,20.8,15522,22.9,6948,10.3,11851,17.5,4446,6.6
2015,Whittier,4883,8.3,4272,7.3,15453,26.3,15059,25.6,5807,9.9,8536,14.5,4826,8.2
2015,Yorba Linda,1128,2.4,1461,3.1,6317,13.2,10777,22.6,2820,5.9,16397,34.3,8881,18.6
2015,Yuba City,6680,15.5,4228,9.8,10123,23.6,10308,24.0,4303,10.0,5044,11.7,2287,5.3
2016,Alameda,2611,4.4,3121,5.3,8114,13.8,11849,20.1,4214,7.1,18387,31.2,10689,18.1
2016,Alhambra,7859,12.6,3419,5.5,17200,27.6,10077,16.2,4185,6.7,13329,21.4,6319,10.1
2016,Anaheim,33385,14.7,23679,10.4,51508,22.7,45995,20.3,16148,7.1,42335,18.6,14071,6.2
2016,Antioch,4673,6.3,5079,6.8,19412,26.0,22348,30.0,7018,9.4,12146,16.3,3868,5.2
2016,Apple Valley,1962,4.2,4947,10.6,12575,27.0,15981,34.3,4200,9.0,4328,9.3,2566,5.5
2016,Arden-Arcade,3428,4.8,3913,5.4,18745,26.0,13914,19.3,7508,10.4,14740,20.5,9764,13.6
2016,Bakersfield,21551,9.7,23425,10.5,55702,25.1,52531,23.6,20235,9.1,33073,14.9,15789,7.1
2016,Baldwin Park,11099,22.0,7070,14.0,14026,27.8,9271,18.4,2400,4.8,6001,11.9,610,1.2
2016,Bellflower,7162,14.2,5787,11.4,12955,25.6,11623,23.0,4079,8.1,6767,13.4,2192,4.3
2016,Berkeley,1077,1.4,1151,1.5,4560,5.9,8759,11.3,3127,4.1,26535,34.4,31975,41.4
2016,Buena Park,7262,13.1,5942,10.7,12106,21.8,12103,21.8,4382,7.9,9651,17.4,4164,7.5
2016,Burbank,4333,5.7,3688,4.9,15462,20.4,13299,17.5,6948,9.1,22767,30.0,9475,12.5
2016,Camarillo,1282,2.8,2322,5.1,7740,17.0,11772,25.9,5947,13.1,11155,24.5,5305,11.7
2016,Carlsbad,1631,2.1,1801,2.3,7201,9.1,15450,19.5,5264,6.6,27005,34.1,20940,26.4
2016,Carmichael,1280,2.8,1645,3.7,7930,17.6,15098,33.6,5963,13.3,7677,17.1,5363,11.9
2016,Carson,7700,12.0,5030,7.8,14388,22.4,14061,21.9,5663,8.8,12173,18.9,5224,8.1
2016,Castro Valley,1686,3.6,1683,3.6,9037,19.1,12356,26.2,2728,5.8,12601,26.7,7130,15.1
2016,Chico,2101,4.0,2790,5.3,9337,17.6,16184,30.6,5152,9.7,10200,19.3,7186,13.6
2016,Chino,5998,9.4,7682,12.0,15053,23.5,16672,26.0,4725,7.4,9671,15.1,4345,6.8
2016,Chino Hills,1484,2.8,1431,2.7,11212,21.4,10644,20.3,4117,7.8,16432,31.3,7193,13.7
2016,Chula Vista,15947,8.9,19793,11.0,39047,21.7,40926,22.8,14815,8.2,32971,18.3,16282,9.1
2016,Citrus Heights,3924,6.4,2771,4.5,14911,24.2,19972,32.5,7711,12.5,8993,14.6,3233,5.3
2016,Clovis,2266,3.4,4873,7.4,14189,21.5,17010,25.7,5979,9.0,14772,22.4,6983,10.6
2016,Compton,15327,27.2,8372,14.9,13874,24.6,11457,20.3,2760,4.9,3530,6.3,1043,1.9
2016,Concord,5301,5.9,4008,4.5,15780,17.6,20752,23.1,8887,9.9,25001,27.9,9980,11.1
2016,Corona,9367,8.4,8367,7.5,25996,23.3,29304,26.3,10622,9.5,18453,16.6,9320,8.4
2016,Costa Mesa,10367,13.2,4322,5.5,16011,20.5,16032,20.5,4664,6.0,18030,23.0,8827,11.3
2016,Daly City,6216,7.8,4960,6.2,13200,16.5,14812,18.5,7091,8.9,25960,32.5,7657,9.6
2016,Davis,274,0.8,649,1.8,3002,8.5,4525,12.9,1692,4.8,10532,29.9,14494,41.2
2016,Downey,7609,10.5,5972,8.3,20148,27.8,15978,22.1,5503,7.6,11969,16.5,5174,7.2
2016,East Los Angeles,24534,31.7,12733,16.4,21122,27.3,10392,13.4,2931,3.8,4363,5.6,1360,1.8
2016,El Cajon,7465,11.5,5171,8.0,17646,27.2,17175,26.5,5540,8.5,8719,13.5,3103,4.8
2016,Elk Grove,5428,5.0,5270,4.9,17081,15.8,26278,24.4,12664,11.7,27139,25.2,13956,12.9
2016,El Monte,20153,26.6,11928,15.7,21558,28.4,10713,14.1,3687,4.9,6561,8.7,1205,1.6
2016,Escondido,12857,13.2,9697,10.0,23940,24.6,21786,22.4,6722,6.9,15593,16.0,6719,6.9
2016,Fairfield,5045,6.7,5973,7.9,17546,23.3,19060,25.3,8559,11.4,14636,19.4,4543,6.0
2016,Florence-Graham,13837,38.4,5160,14.3,9103,25.3,4897,13.6,1552,4.3,1298,3.6,169,0.5
2016,Folsom,1805,3.4,1948,3.7,7605,14.4,11499,21.8,4770,9.1,15123,28.7,9952,18.9
2016,Fontana,17496,13.7,15367,12.0,36703,28.7,27691,21.6,8040,6.3,17088,13.3,5652,4.4
2016,Fremont,3435,2.1,6558,4.0,29003,17.9,24125,14.9,7837,4.8,49000,30.2,42358,26.1
2016,Fresno,40291,12.7,34943,11.1,70301,22.2,74574,23.6,27750,8.8,44280,14.0,23880,7.6
2016,Fullerton,6313,6.7,4985,5.3,17903,19.1,17559,18.7,6976,7.4,26143,27.9,13786,14.7
2016,Garden Grove,15195,13.0,14093,12.1,25438,21.8,26961,23.1,7639,6.5,21330,18.2,6275,5.4
2016,Glendale,11632,7.8,7184,4.8,27813,18.6,24035,16.0,15408,10.3,41382,27.6,22328,14.9
2016,Hawthorne,7450,13.2,6309,11.2,13131,23.2,13482,23.8,3986,7.0,8163,14.4,4029,7.1
2016,Hayward,12781,12.0,7992,7.5,30196,28.3,19712,18.5,7551,7.1,20866,19.5,7692,7.2
2016,Hemet,5149,9.5,4934,9.1,17749,32.8,15336,28.3,4661,8.6,4213,7.8,2086,3.9
2016,Hesperia,6809,11.8,8930,15.4,20566,35.5,11815,20.4,4005,6.9,4014,6.9,1738,3.0
2016,Huntington Beach,5411,3.7,5274,3.6,22996,15.6,37449,25.4,15468,10.5,38853,26.3,22213,15.0
2016,Indio,6584,11.0,7249,12.1,21708,36.3,11925,20.0,3677,6.2,5132,8.6,3474,5.8
2016,Inglewood,8927,11.6,8385,10.9,16101,21.0,19968,26.0,6084,7.9,11169,14.6,6120,8.0
2016,Irvine,2314,1.4,2950,1.7,13972,8.2,18155,10.7,10862,6.4,67590,39.7,54220,31.9
2016,Jurupa Valley,11381,17.8,9499,14.8,19438,30.3,14109,22.0,3383,5.3,3963,6.2,2324,3.6
2016,Laguna Niguel,1109,2.3,1334,2.8,5211,11.0,9712,20.5,3832,8.1,16183,34.2,9967,21.1
2016,Lake Forest,2130,3.6,1993,3.4,8586,14.6,13691,23.3,4404,7.5,17764,30.2,10292,17.5
2016,Lakewood,2287,4.3,2599,4.9,11203,21.0,15402,28.8,6288,11.8,11000,20.6,4634,8.7
2016,Lancaster,8397,8.3,11271,11.2,31055,30.8,21772,21.6,10805,10.7,10820,10.7,6648,6.6
2016,Livermore,3162,5.1,2232,3.6,10783,17.3,15946,25.6,6213,10.0,15293,24.5,8730,14.0
2016,Long Beach,41056,13.3,23794,7.7,57010,18.5,74972,24.3,19268,6.2,57589,18.7,35055,11.4
2016,Los Angeles,390689,14.3,251049,9.2,536725,19.6,481056,17.6,178086,6.5,588490,21.5,308976,11.3
2016,Lynwood,10822,26.3,8305,20.2,11951,29.0,5623,13.7,1670,4.1,2276,5.5,515,1.3
2016,Manteca,4140,8.5,5224,10.7,16838,34.6,11300,23.2,4372,9.0,5023,10.3,1769,3.6
2016,Menifee,3958,6.6,3665,6.1,15574,26.0,16916,28.3,6507,10.9,8094,13.5,5111,8.5
2016,Merced,7170,15.6,5353,11.7,10309,22.5,11120,24.2,4397,9.6,3805,8.3,3709,8.1
2016,Milpitas,2736,4.9,3195,5.8,10917,19.7,8176,14.7,4090,7.4,15361,27.7,10973,19.8
2016,Mission Viejo,1192,1.7,2731,3.9,9690,13.9,13573,19.4,8006,11.4,23720,33.9,11030,15.8
2016,Modesto,11226,8.2,13757,10.1,38804,28.5,37163,27.3,10386,7.6,17419,12.8,7586,5.6
2016,Moreno Valley,12539,10.6,14791,12.5,32045,27.1,27159,23.0,11301,9.6,13330,11.3,7079,6.0
2016,Mountain View,3809,6.6,1593,2.7,5928,10.2,5625,9.7,2285,3.9,16655,28.6,22243,38.3
2016,Murrieta,3355,4.9,2473,3.6,15765,22.8,20710,30.0,6831,9.9,13504,19.6,6430,9.3
2016,Napa,6445,11.5,3112,5.5,10002,17.8,12337,22.0,4796,8.5,12922,23.0,6554,11.7
2016,Newport Beach,288,0.4,822,1.2,3662,5.6,11189,17.0,4291,6.5,27214,41.3,18464,28.0
2016,Norwalk,11152,16.1,6411,9.3,18872,27.3,15014,21.7,4523,6.5,9799,14.2,3294,4.8
2016,Oakland,33845,11.2,24330,8.0,44817,14.8,55496,18.3,19998,6.6,73005,24.1,51381,17.0
2016,Oceanside,9483,7.9,7136,5.9,23388,19.5,31547,26.3,12299,10.2,26612,22.2,9580,8.0
2016,Ontario,13763,12.5,15703,14.3,32328,29.4,23052,21.0,8539,7.8,12155,11.1,4344,4.0
2016,Orange,5674,6.1,7470,8.0,17646,19.0,20612,22.2,8406,9.1,21551,23.2,11497,12.4
2016,Oxnard,30049,23.6,12212,9.6,28646,22.5,25033,19.6,9858,7.7,15647,12.3,6041,4.7
2016,Palmdale,10145,11.0,13361,14.5,23405,25.3,24058,26.0,6360,6.9,10159,11.0,4953,5.4
2016,Palo Alto,310,0.6,528,1.1,2960,6.0,3501,7.1,1949,3.9,13788,27.9,26322,53.3
2016,Pasadena,9026,8.6,4459,4.2,14724,14.0,17035,16.2,5483,5.2,30374,28.9,24050,22.9
2016,Perris,6421,15.6,6107,14.8,14049,34.1,7599,18.5,2699,6.6,3234,7.9,1063,2.6
2016,Pittsburg,4734,10.6,5300,11.8,11584,25.8,11374,25.4,2635,5.9,6754,15.1,2477,5.5
2016,Pleasanton,1169,2.0,766,1.3,5501,9.6,8113,14.1,3913,6.8,20127,35.0,17864,31.1
2016,Pomona,16547,18.5,12742,14.3,22379,25.1,18194,20.4,5030,5.6,11139,12.5,3178,3.6
2016,Rancho Cordova,2254,4.7,3383,7.0,12043,24.9,12306,25.4,4279,8.8,10293,21.3,3801,7.9
2016,Rancho Cucamonga,3726,3.1,8919,7.5,20900,17.6,29192,24.6,14234,12.0,26409,22.2,15432,13.0
2016,Redding,2297,3.7,2788,4.5,13265,21.2,21539,34.5,6734,10.8,10564,16.9,5305,8.5
2016,Redlands,2019,4.3,2711,5.7,9323,19.7,11464,24.2,4724,10.0,9516,20.1,7580,16.0
2016,Redondo Beach,932,1.8,1169,2.2,6248,11.8,9969,18.9,5287,10.0,17481,33.1,11768,22.3
2016,Redwood City,5874,9.8,3252,5.4,9111,15.2,10580,17.7,2236,3.7,14552,24.3,14246,23.8
2016,Rialto,8458,14.3,9933,16.8,18036,30.5,13189,22.3,3202,5.4,4575,7.7,1722,2.9
2016,Richmond,12387,16.7,5607,7.6,15855,21.4,15643,21.2,5784,7.8,11612,15.7,7069,9.6
2016,Riverside,18933,9.5,20334,10.2,49766,25.0,46682,23.5,14967,7.5,27487,13.8,20735,10.4
2016,Roseville,2620,2.9,2440,2.7,15931,17.5,23962,26.3,10036,11.0,24541,26.9,11640,12.8
2016,Sacramento,29768,8.8,25722,7.6,74892,22.2,74326,22.0,28203,8.4,67446,20.0,37360,11.1
2016,Salinas,31084,33.1,8914,9.5,20046,21.4,13700,14.6,8239,8.8,8340,8.9,3486,3.7
2016,San Bernardino,17968,14.9,22100,18.3,32008,26.5,28638,23.7,9173,7.6,8241,6.8,2738,2.3
2016,San Buenaventura (Ventura),2887,3.7,4082,5.3,12760,16.5,21609,27.9,7512,9.7,15857,20.5,12700,16.4
2016,San Clemente,1239,2.6,954,2.0,5573,11.8,10710,22.6,5490,11.6,14872,31.4,8579,18.1
2016,San Diego,67693,7.1,57413,6.0,143963,15.0,193871,20.2,71746,7.5,254489,26.6,168656,17.6
2016,San Francisco,50757,7.4,32703,4.7,84652,12.3,94619,13.7,32152,4.7,234899,34.1,159914,23.2
2016,San Jose,72434,10.4,45227,6.5,120501,17.3,115511,16.6,47041,6.7,183329,26.3,113598,16.3
2016,San Leandro,6701,10.1,5051,7.6,16062,24.1,15560,23.3,4765,7.1,11894,17.8,6639,10.0
2016,San Marcos,5643,9.8,3454,6.0,10873,18.8,12187,21.1,4967,8.6,13364,23.1,7267,12.6
2016,San Mateo,4817,6.4,2065,2.7,12525,16.6,11924,15.8,4291,5.7,24149,32.0,15723,20.8
2016,San Ramon,649,1.3,617,1.2,3949,7.8,6503,12.8,3519,6.9,19353,38.1,16189,31.9
2016,Santa Ana,53592,26.0,35048,17.0,46803,22.7,33522,16.2,9241,4.5,21498,10.4,6741,3.3
2016,Santa Barbara,4735,7.3,3501,5.4,9740,15.1,11843,18.3,3304,5.1,17736,27.5,13711,21.2
2016,Santa Clara,3872,4.6,3752,4.5,8409,10.0,12183,14.5,4871,5.8,28237,33.6,22833,27.1
2016,Santa Clarita,6943,5.6,6399,5.1,21919,17.6,33265,26.7,11569,9.3,30642,24.6,13751,11.0
2016,Santa Maria,18840,30.5,5934,9.6,11474,18.6,12301,19.9,3987,6.5,6140,9.9,3099,5.0
2016,Santa Monica,2170,2.9,2550,3.4,5792,7.7,8152,10.9,3165,4.2,31412,42.0,21622,28.9
2016,Santa Rosa,8002,6.5,7174,5.9,23708,19.4,30345,24.8,12630,10.3,25275,20.7,15180,12.4
2016,Simi Valley,2868,3.3,3919,4.5,19843,22.6,23242,26.5,9651,11.0,17715,20.2,10520,12.0
2016,South Gate,16567,28.6,8411,14.5,14672,25.4,10442,18.0,3593,6.2,2925,5.1,1247,2.2
2016,South San Francisco,3650,7.3,4198,8.4,9682,19.4,10679,21.3,4600,9.2,13656,27.3,3561,7.1
2016,Stockton,25744,13.6,21440,11.3,49086,26.0,43292,22.9,17895,9.5,20833,11.0,10788,5.7
2016,Sunnyvale,4439,4.1,4478,4.1,13325,12.2,11789,10.8,6667,6.1,34649,31.6,34178,31.2
2016,Temecula,2158,3.1,3123,4.5,14199,20.3,22745,32.6,5832,8.4,14803,21.2,6984,10.0
2016,Thousand Oaks,2975,3.2,2154,2.3,11731,12.7,19225,20.8,7957,8.6,27275,29.5,21126,22.9
2016,Torrance,2773,2.6,3860,3.7,16489,15.7,21323,20.3,8739,8.3,34324,32.7,17471,16.6
2016,Tracy,2833,5.1,3976,7.1,16420,29.4,16623,29.7,5226,9.3,7882,14.1,2964,5.3
2016,Turlock,8019,16.3,4814,9.8,10982,22.3,11258,22.9,3982,8.1,6893,14.0,3240,6.6
2016,Tustin,3650,6.7,2779,5.1,9706,17.8,8122,14.9,5714,10.5,16981,31.1,7703,14.1
2016,Union City,1692,3.2,2167,4.0,13648,25.5,11436,21.4,3003,5.6,15184,28.4,6403,12.0
2016,Upland,2820,5.4,4162,8.0,11677,22.6,11968,23.1,6091,11.8,9238,17.8,5818,11.2
2016,Vacaville,2625,3.9,4383,6.6,14523,21.8,20987,31.5,6094,9.1,11549,17.3,6568,9.8
2016,Vallejo,4613,5.4,7182,8.5,21682,25.6,21143,24.9,9042,10.7,16069,18.9,5080,6.0
2016,Victorville,4818,6.6,11051,15.1,22777,31.2,20274,27.8,5174,7.1,5548,7.6,3358,4.6
2016,Visalia,6008,7.7,10861,14.0,16799,21.6,19626,25.3,6331,8.2,11220,14.5,6800,8.8
2016,Vista,8037,12.7,5816,9.2,16299,25.7,13737,21.7,5549,8.8,9789,15.4,4189,6.6
2016,Walnut Creek,591,1.1,340,0.6,6056,11.3,9211,17.3,4353,8.2,17552,32.9,15291,28.6
2016,West Covina,5545,7.7,5645,7.8,20344,28.3,14400,20.0,5324,7.4,14968,20.8,5711,7.9
2016,Westminster,8206,12.7,6043,9.3,14832,22.9,14714,22.8,4531,7.0,11983,18.5,4349,6.7
2016,Whittier,3328,5.8,3984,7.0,13815,24.2,16273,28.6,4750,8.3,9842,17.3,4995,8.8
2016,Yorba Linda,329,0.7,1757,3.9,5966,13.1,8943,19.7,3179,7.0,15631,34.4,9652,21.2
2016,Yuba City,5904,13.5,4499,10.3,9502,21.8,11681,26.8,4911,11.3,5202,11.9,1941,4.4
2017,Alameda,2979,5.2,4339,7.6,5995,10.5,9908,17.4,3413,6.0,19017,33.4,11341,19.9
2017,Alhambra,7808,11.7,3921,5.9,15763,23.7,10725,16.1,5100,7.7,15713,23.6,7540,11.3
2017,Anaheim,26936,11.8,27176,11.9,51451,22.6,45304,19.9,18254,8.0,42035,18.5,16467,7.2
2017,Antioch,5174,7.1,5630,7.7,19564,26.8,19824,27.2,7083,9.7,11571,15.9,4033,5.5
2017,Apple Valley,1277,2.7,4749,10.1,16138,34.4,11189,23.9,5846,12.5,5010,10.7,2701,5.8
2017,Arden-Arcade,2993,4.5,3677,5.6,15987,24.2,13641,20.6,5743,8.7,15896,24.1,8126,12.3
2017,Bakersfield,26365,11.5,21582,9.4,60090,26.1,54478,23.7,18332,8.0,31562,13.7,17749,7.7
2017,Baldwin Park,10824,21.0,6151,12.0,14623,28.4,10580,20.6,3328,6.5,4824,9.4,1109,2.2
2017,Bellflower,5160,10.1,6038,11.8,14704,28.8,14072,27.6,2790,5.5,5852,11.5,2357,4.6
2017,Berkeley,1184,1.6,1334,1.8,5470,7.3,8862,11.9,4187,5.6,24960,33.5,28485,38.2
2017,Buena Park,3897,7.0,3685,6.7,14717,26.6,9310,16.8,5974,10.8,13576,24.5,4210,7.6
2017,Burbank,1953,2.5,3216,4.2,14917,19.4,17930,23.3,7583,9.9,22066,28.7,9282,12.1
2017,Camarillo,1608,3.4,1454,3.1,7251,15.4,11052,23.4,4671,9.9,12307,26.1,8828,18.7
2017,Carlsbad,1466,1.8,1768,2.1,8633,10.5,13303,16.2,5522,6.7,28012,34.1,23548,28.6
2017,Carmichael,930,2.0,2332,5.0,10430,22.2,11684,24.9,4777,10.2,10192,21.7,6600,14.1
2017,Carson,6981,11.1,5643,9.0,13530,21.5,13567,21.5,6823,10.8,12953,20.6,3464,5.5
2017,Castro Valley,2141,4.6,2203,4.8,7159,15.5,10060,21.8,2938,6.4,12752,27.6,8886,19.3
2017,Chico,708,1.3,1997,3.6,10755,19.3,15964,28.6,5849,10.5,13509,24.2,7045,12.6
2017,Chino,5377,8.5,9401,14.8,14923,23.6,16717,26.4,4050,6.4,9571,15.1,3272,5.2
2017,Chino Hills,2787,5.1,2756,5.0,7730,14.2,11098,20.3,7594,13.9,14497,26.5,8160,14.9
2017,Chula Vista,16712,9.6,16434,9.5,36873,21.2,40192,23.2,14603,8.4,33057,19.0,15676,9.0
2017,Citrus Heights,2941,4.6,3627,5.7,16280,25.7,19385,30.6,6515,10.3,9819,15.5,4849,7.6
2017,Clovis,2777,4.0,3601,5.2,14565,20.9,18853,27.1,7859,11.3,14461,20.8,7424,10.7
2017,Compton,11489,20.0,8842,15.4,19062,33.1,9269,16.1,3793,6.6,3839,6.7,1211,2.1
2017,Concord,6354,6.9,5168,5.6,15280,16.5,23126,25.0,8267,8.9,23663,25.6,10733,11.6
2017,Corona,5326,5.1,8162,7.8,25743,24.6,26316,25.2,11184,10.7,17967,17.2,9881,9.4
2017,Costa Mesa,7468,9.3,5304,6.6,13762,17.2,16657,20.8,4669,5.8,23725,29.7,8320,10.4
2017,Daly City,5835,7.6,5675,7.4,15644,20.3,16611,21.6,6809,8.9,19784,25.7,6542,8.5
2017,Davis,339,1.0,734,2.1,1822,5.3,4214,12.2,2249,6.5,11171,32.3,14072,40.7
2017,Downey,9058,11.9,5013,6.6,17413,22.9,20022,26.3,5449,7.2,13649,17.9,5516,7.2
2017,East Los Angeles,24771,31.9,12534,16.1,18319,23.6,12534,16.1,3053,3.9,4666,6.0,1776,2.3
2017,El Cajon,5376,7.9,3497,5.1,19750,28.9,20416,29.9,5007,7.3,10478,15.3,3851,5.6
2017,Elk Grove,6576,5.8,4965,4.3,19188,16.8,30455,26.6,10974,9.6,27846,24.4,14288,12.5
2017,El Monte,20237,26.5,13674,17.9,19698,25.8,10546,13.8,3248,4.3,7201,9.4,1791,2.3
2017,Escondido,14110,14.1,6983,7.0,25422,25.5,24229,24.3,6563,6.6,14576,14.6,7997,8.0
2017,Fairfield,5715,7.6,4434,5.9,15469,20.6,21994,29.3,6786,9.0,14411,19.2,6383,8.5
2017,Florence-Graham,12133,31.8,8224,21.6,9266,24.3,5607,14.7,1322,3.5,1324,3.5,221,0.6
2017,Folsom,1299,2.4,2671,4.9,6588,12.1,10894,20.0,6206,11.4,16052,29.5,10702,19.7
2017,Fontana,14606,12.1,13676,11.3,35675,29.6,27769,23.0,7097,5.9,16190,13.4,5684,4.7
2017,Fremont,3786,2.3,7343,4.5,28536,17.3,24169,14.7,9355,5.7,47073,28.6,44387,27.0
2017,Fresno,37458,11.6,35567,11.1,70106,21.8,78421,24.4,31663,9.8,46184,14.4,22239,6.9
2017,Fullerton,6120,6.5,6357,6.8,16441,17.5,18635,19.8,8015,8.5,24105,25.6,14479,15.4
2017,Garden Grove,17218,14.2,14255,11.8,29108,24.1,25020,20.7,8060,6.7,19950,16.5,7255,6.0
2017,Glendale,12388,8.1,7020,4.6,36332,23.7,22414,14.6,15959,10.4,39988,26.0,19410,12.6
2017,Hawthorne,6470,11.3,4122,7.2,14762,25.9,13616,23.9,3898,6.8,10505,18.4,3703,6.5
2017,Hayward,7831,7.2,9322,8.6,30655,28.2,23008,21.2,8293,7.6,21615,19.9,7810,7.2
2017,Hemet,3216,5.7,6107,10.8,16724,29.6,18512,32.8,4304,7.6,4562,8.1,3008,5.3
2017,Hesperia,4925,9.0,7009,12.8,18764,34.3,13528,24.7,4694,8.6,3986,7.3,1773,3.2
2017,Huntington Beach,4639,3.1,4748,3.2,24593,16.6,38505,26.0,13978,9.4,39882,26.9,21814,14.7
2017,Indio,9429,13.8,4508,6.6,25202,36.8,15479,22.6,3610,5.3,6850,10.0,3382,4.9
2017,Inglewood,10297,13.8,5928,8.0,17412,23.4,20205,27.1,5395,7.2,10148,13.6,5114,6.9
2017,Irvine,5854,3.3,3260,1.8,14849,8.3,24112,13.5,12504,7.0,67314,37.7,50714,28.4
2017,Jurupa Valley,9245,14.6,6032,9.5,19130,30.2,15038,23.8,4860,7.7,6063,9.6,2904,4.6
2017,Laguna Niguel,499,1.0,2163,4.4,5608,11.3,9747,19.7,4152,8.4,17460,35.3,9817,19.9
2017,Lake Elsinore,3208,8.5,3387,9.0,11685,31.0,10015,26.6,3662,9.7,4262,11.3,1427,3.8
2017,Lake Forest,1234,2.0,2890,4.7,8602,14.1,13812,22.6,5132,8.4,19715,32.2,9833,16.1
2017,Lakewood,2583,4.6,2080,3.7,12417,22.0,17420,30.9,6672,11.8,11321,20.1,3879,6.9
2017,Lancaster,7049,7.1,8537,8.5,27639,27.7,28279,28.3,10464,10.5,12061,12.1,5925,5.9
2017,Livermore,1935,3.0,2220,3.5,11215,17.6,13435,21.1,4922,7.7,19629,30.9,10224,16.1
2017,Lodi,4738,11.6,3789,9.3,9129,22.4,9408,23.1,4829,11.8,6124,15.0,2772,6.8
2017,Long Beach,39303,12.4,24605,7.8,58687,18.5,72103,22.8,23746,7.5,65566,20.7,32819,10.4
2017,Los Angeles,368580,13.3,251682,9.1,531941,19.2,493738,17.8,168707,6.1,631101,22.8,321321,11.6
2017,Lynwood,9657,23.4,7598,18.4,12251,29.7,7041,17.1,1316,3.2,2704,6.5,724,1.8
2017,Madera,9421,26.4,5636,15.8,7658,21.4,7206,20.2,1543,4.3,3382,9.5,859,2.4
2017,Manteca,2610,5.0,4535,8.8,18448,35.6,13289,25.7,4486,8.7,5517,10.7,2866,5.5
2017,Menifee,2481,4.0,5034,8.1,16294,26.2,19545,31.5,6215,10.0,9015,14.5,3560,5.7
2017,Merced,9589,19.9,5657,11.7,10035,20.8,11943,24.8,3390,7.0,4318,9.0,3287,6.8
2017,Milpitas,2355,4.5,2494,4.7,9523,18.0,7308,13.8,4720,8.9,15445,29.2,11061,20.9
2017,Mission Viejo,1888,2.7,1545,2.2,8910,12.8,15521,22.3,6669,9.6,22808,32.8,12285,17.6
2017,Modesto,13475,9.5,12322,8.7,39207,27.6,36936,26.0,13252,9.3,18123,12.8,8784,6.2
2017,Moreno Valley,15812,12.8,15401,12.5,36757,29.8,27651,22.4,9416,7.6,12086,9.8,6413,5.2
2017,Mountain View,2829,4.7,2985,5.0,5078,8.5,6232,10.5,2212,3.7,17097,28.7,23126,38.8
2017,Murrieta,1564,2.3,3730,5.4,15685,22.6,17800,25.7,7749,11.2,16627,24.0,6234,9.0
2017,Napa,5203,9.5,2397,4.4,9539,17.4,12798,23.3,4970,9.0,12932,23.5,7093,12.9
2017,Newport Beach,215,0.3,589,0.9,5639,8.5,10430,15.7,4154,6.3,27165,40.9,18229,27.4
2017,Norwalk,10009,14.1,6360,9.0,19450,27.4,15194,21.4,6150,8.7,9577,13.5,4227,6.0
2017,Oakland,33630,10.9,23779,7.7,50348,16.3,52348,16.9,17985,5.8,75959,24.6,55338,17.9
2017,Oceanside,9948,8.1,6385,5.2,23788,19.3,29990,24.4,9868,8.0,26666,21.7,16374,13.3
2017,Ontario,16516,14.7,11045,9.9,29230,26.1,25652,22.9,10058,9.0,14701,13.1,4804,4.3
2017,Orange,7575,8.0,6203,6.5,19039,20.0,19545,20.6,7987,8.4,24767,26.1,9937,10.5
2017,Oxnard,27595,21.1,9895,7.6,31326,23.9,29871,22.8,8998,6.9,17762,13.6,5575,4.3
2017,Palmdale,12537,13.3,12877,13.7,24590,26.2,25636,27.3,6294,6.7,7815,8.3,4230,4.5
2017,Palo Alto,759,1.6,457,1.0,605,1.3,3224,7.0,1410,3.0,14810,31.9,25103,54.1
2017,Pasadena,7124,6.9,5580,5.4,14272,13.7,15325,14.7,7985,7.7,29554,28.4,24075,23.2
2017,Perris,9778,23.4,5611,13.4,12329,29.5,8170,19.6,2886,6.9,1938,4.6,1073,2.6
2017,Pittsburg,4168,8.5,4900,10.0,13347,27.3,12955,26.5,4647,9.5,6421,13.1,2432,5.0
2017,Pleasanton,130,0.2,797,1.3,6714,11.3,9003,15.1,4238,7.1,20761,34.8,17971,30.1
2017,Pomona,16485,17.2,14015,14.6,22049,23.0,20966,21.8,5858,6.1,12107,12.6,4580,4.8
2017,Rancho Cordova,2599,5.1,3783,7.4,14828,29.1,14058,27.6,4479,8.8,7692,15.1,3429,6.7
2017,Rancho Cucamonga,4904,4.3,5106,4.5,22351,19.5,27342,23.9,12792,11.2,26117,22.8,15976,13.9
2017,Redding,2086,3.3,3759,5.9,16004,25.1,20160,31.6,6054,9.5,10232,16.0,5541,8.7
2017,Redlands,2169,4.3,3995,7.9,8444,16.6,10532,20.8,3574,7.0,13468,26.5,8557,16.9
2017,Redondo Beach,482,0.9,781,1.5,6534,12.8,9210,18.1,3111,6.1,18827,36.9,12018,23.6
2017,Redwood City,4284,6.6,2945,4.5,9417,14.5,10202,15.7,4114,6.3,17435,26.9,16444,25.4
2017,Rialto,9090,14.4,8172,13.0,19724,31.3,14312,22.7,4458,7.1,5014,8.0,2211,3.5
2017,Richmond,10394,14.1,8161,11.1,13409,18.2,13973,19.0,6381,8.7,13914,18.9,7332,10.0
2017,Riverside,17637,8.7,20980,10.3,52697,25.9,48549,23.8,15594,7.7,28466,14.0,19783,9.7
2017,Roseville,2156,2.3,2533,2.7,17315,18.4,23298,24.8,10953,11.7,26685,28.4,11000,11.7
2017,Sacramento,28356,8.3,18859,5.5,73513,21.5,78656,23.0,30868,9.0,69671,20.3,42654,12.5
2017,Salinas,31290,33.1,7256,7.7,22562,23.9,13833,14.6,5598,5.9,9776,10.3,4268,4.5
2017,San Bernardino,14606,11.0,27914,21.0,38859,29.3,27909,21.0,7912,6.0,12403,9.3,3173,2.4
2017,San Buenaventura (Ventura),4514,5.7,3305,4.2,15534,19.6,19921,25.2,9162,11.6,17988,22.7,8694,11.0
2017,San Clemente,2543,5.2,727,1.5,5802,12.0,10683,22.0,4843,10.0,15454,31.9,8451,17.4
2017,San Diego,56978,5.8,53274,5.4,153206,15.6,192825,19.7,76419,7.8,265333,27.1,181324,18.5
2017,San Francisco,51580,7.3,30890,4.4,81138,11.5,98982,14.1,33743,4.8,246711,35.1,159481,22.7
2017,San Jose,63913,8.9,44420,6.2,124205,17.3,122858,17.2,49982,7.0,180066,25.2,130485,18.2
2017,San Leandro,4763,7.0,8024,11.7,15282,22.3,14400,21.0,3693,5.4,15599,22.8,6702,9.8
2017,San Marcos,5173,8.3,3855,6.2,13900,22.2,12777,20.4,4449,7.1,16531,26.4,5846,9.3
2017,San Mateo,5561,7.5,1415,1.9,9926,13.5,11176,15.2,4650,6.3,22729,30.8,18305,24.8
2017,San Ramon,1078,2.2,880,1.8,2887,5.9,5100,10.5,2789,5.7,19317,39.6,16695,34.2
2017,Santa Ana,52967,25.2,34322,16.3,47316,22.5,35103,16.7,10430,5.0,22261,10.6,7843,3.7
2017,Santa Barbara,3791,5.6,4016,5.9,7153,10.5,11475,16.9,4499,6.6,20921,30.9,15954,23.5
2017,Santa Clara,2368,2.7,3920,4.4,13209,15.0,13770,15.6,5125,5.8,25128,28.4,24832,28.1
2017,Santa Clarita,3942,2.8,6437,4.6,24814,17.9,37253,26.8,15532,11.2,34146,24.6,16728,12.0
2017,Santa Cruz,1222,3.1,945,2.4,6217,16.0,7142,18.4,2493,6.4,10889,28.1,9895,25.5
2017,Santa Maria,19925,32.8,5760,9.5,11285,18.6,13309,21.9,3969,6.5,4681,7.7,1820,3.0
2017,Santa Monica,2535,3.6,2619,3.7,5581,7.9,9431,13.3,3869,5.5,27540,38.8,19401,27.3
2017,Santa Rosa,7254,5.9,7503,6.1,21536,17.4,31457,25.4,12524,10.1,26730,21.6,16916,13.7
2017,Simi Valley,3781,4.3,4739,5.4,17782,20.3,22207,25.3,9848,11.2,20652,23.5,8783,10.0
2017,South Gate,13334,22.7,10484,17.9,16646,28.4,9855,16.8,2892,4.9,4354,7.4,1122,1.9
2017,South San Francisco,3194,6.6,1972,4.1,10893,22.4,11726,24.1,3307,6.8,13138,27.1,4329,8.9
2017,Stockton,24120,12.5,16934,8.8,59344,30.8,39122,20.3,17210,8.9,25829,13.4,9816,5.1
2017,Sunnyvale,4693,4.1,5221,4.6,13830,12.2,13158,11.6,6781,6.0,31893,28.0,38147,33.5
2017,Temecula,2086,2.9,2293,3.2,15134,20.8,20235,27.8,8035,11.0,15637,21.5,9365,12.9
2017,Thousand Oaks,1810,2.0,2755,3.1,10986,12.3,18937,21.2,8724,9.8,28641,32.1,17445,19.5
2017,Torrance,3646,3.4,4020,3.7,16639,15.3,19271,17.8,9434,8.7,35703,32.9,19733,18.2
2017,Tracy,3891,6.9,3551,6.3,15266,27.2,16873,30.1,4222,7.5,8910,15.9,3395,6.1
2017,Turlock,3799,8.0,3306,7.0,13512,28.6,11042,23.4,3216,6.8,8110,17.2,4210,8.9
2017,Tustin,3160,5.8,3126,5.7,9658,17.7,10050,18.5,3638,6.7,14496,26.6,10286,18.9
2017,Union City,2204,3.8,3268,5.7,15931,27.8,13437,23.5,3254,5.7,12104,21.1,7070,12.3
2017,Upland,1871,3.6,3195,6.1,9969,19.2,13249,25.5,5608,10.8,11565,22.2,6527,12.6
2017,Vacaville,4195,5.9,5549,7.8,15632,21.9,22339,31.4,7697,10.8,10793,15.2,5015,7.0
2017,Vallejo,5641,6.8,4730,5.7,20618,24.8,21807,26.2,7901,9.5,15659,18.8,6946,8.3
2017,Victorville,7746,10.3,8690,11.5,22011,29.2,21462,28.5,6992,9.3,6519,8.7,1852,2.5
2017,Visalia,5192,6.5,6385,8.0,16732,21.0,23609,29.6,8742,11.0,13303,16.7,5690,7.1
2017,Vista,9534,14.6,5009,7.6,17161,26.2,14235,21.7,5217,8.0,10089,15.4,4272,6.5
2017,Walnut Creek,964,1.8,473,0.9,3395,6.3,7691,14.2,4447,8.2,22788,42.2,14232,26.4
2017,West Covina,5477,7.3,4149,5.5,19589,26.0,14712,19.5,7448,9.9,17527,23.3,6479,8.6
2017,Westminster,7125,10.7,6081,9.1,14909,22.4,13336,20.0,6020,9.0,14109,21.2,4964,7.5
2017,Whittier,2893,5.1,2920,5.1,18041,31.8,14428,25.4,4168,7.3,8895,15.7,5408,9.5
2017,Yorba Linda,475,1.0,1783,3.7,7203,15.1,9337,19.6,3300,6.9,14895,31.2,10718,22.5
2017,Yuba City,5255,11.9,3930,8.9,10655,24.1,10925,24.8,5634,12.8,5710,12.9,2032,4.6
2018,Alameda,1877,3.25,2715,4.7,5544,9.6,10872,18.82,4265,7.38,18830,32.6,13653,23.64
2018,Alhambra,6752,10.61,5196,8.16,11665,18.33,11684,18.35,5442,8.55,16526,25.96,6391,10.04
2018,Anaheim,28827,12.53,20655,8.98,55163,23.99,48042,20.89,16932,7.36,42570,18.51,17787,7.73
2018,Antioch,4720,6.54,4772,6.61,18965,26.27,19796,27.42,7701,10.67,11337,15.7,4913,6.8
2018,Apple Valley,2962,6.18,5049,10.53,13802,28.78,13599,28.35,3812,7.95,5597,11.67,3141,6.55
2018,Arden-Arcade,2403,3.29,3482,4.76,16253,22.24,17693,24.21,7995,10.94,15498,21.21,9757,13.35
2018,Bakersfield,18085,7.75,27542,11.8,59124,25.33,58140,24.91,21384,9.16,31682,13.57,17474,7.49
2018,Baldwin Park,10384,20.63,6650,13.21,15232,30.26,8472,16.83,2802,5.57,5852,11.63,947,1.88
2018,Bellflower,5619,10.96,5331,10.4,12275,23.94,13752,26.82,5195,10.13,6236,12.16,2859,5.58
2018,Berkeley,1693,2.23,1939,2.56,6251,8.24,9388,12.37,2876,3.79,25261,33.3,28456,37.51
2018,Buena Park,3082,5.49,4750,8.46,11836,21.07,14544,25.89,6568,11.69,11243,20.01,4154,7.39
2018,Burbank,2528,3.3,3146,4.11,11519,15.03,18711,24.42,7595,9.91,22992,30.01,10125,13.22
2018,Camarillo,1328,2.84,1267,2.71,6629,14.2,11838,25.35,6498,13.92,12588,26.96,6544,14.02
2018,Carlsbad,1328,1.6,3678,4.42,9965,11.97,14669,17.63,7091,8.52,27055,32.51,19436,23.35
2018,Carmichael,1570,3.39,1530,3.3,11820,25.5,9772,21.08,5646,12.18,10199,22.0,5817,12.55
2018,Carson,5989,9.48,6343,10.05,14345,22.72,14292,22.63,4600,7.28,12040,19.07,5536,8.77
2018,Castro Valley,2371,5.37,1115,2.53,8329,18.87,8921,20.21,3448,7.81,12620,28.59,7333,16.61
2018,Chico,1870,3.41,1494,2.72,8636,15.74,15487,28.23,6577,11.99,13902,25.34,6891,12.56
2018,Chino,4463,6.93,6502,10.09,14400,22.35,13061,20.27,6878,10.67,13776,21.38,5363,8.32
2018,Chino Hills,1364,2.54,1269,2.36,10258,19.1,8334,15.52,4854,9.04,18168,33.83,9450,17.6
2018,Chula Vista,10737,6.13,14601,8.34,36723,20.96,46927,26.79,18123,10.35,32483,18.54,15573,8.89
2018,Citrus Heights,2700,4.37,3185,5.16,14962,24.23,20459,33.14,7598,12.31,9727,15.75,3111,5.04
2018,Clovis,2755,3.82,3840,5.33,14443,20.04,19956,27.69,8065,11.19,14860,20.62,8160,11.32
2018,Compton,12252,21.16,6711,11.59,18478,31.91,13009,22.47,3143,5.43,3083,5.32,1228,2.12
2018,Concord,6457,6.82,3946,4.17,19670,20.78,24163,25.52,8058,8.51,21496,22.7,10886,11.5
2018,Corona,8061,7.73,7536,7.23,24869,23.86,24163,23.18,9152,8.78,21607,20.73,8847,8.49
2018,Costa Mesa,6000,7.57,3282,4.14,13861,17.48,16202,20.43,4888,6.16,22872,28.85,12187,15.37
2018,Daly City,5526,6.95,4873,6.13,15888,19.98,15698,19.75,6555,8.24,24071,30.28,6892,8.67
2018,Davis,166,0.49,174,0.52,1777,5.28,3920,11.64,1078,3.2,10726,31.85,15834,47.02
2018,Downey,8990,11.36,8588,10.85,21705,27.42,16698,21.1,4553,5.75,12889,16.29,5723,7.23
2018,East Los Angeles,21484,27.95,11744,15.28,17764,23.11,13563,17.64,3562,4.63,6762,8.8,2000,2.6
2018,El Cajon,5834,8.71,4583,6.84,19602,29.25,17365,25.92,5262,7.85,10097,15.07,4262,6.36
2018,Elk Grove,5434,4.67,5869,5.05,20049,17.25,31028,26.69,13156,11.32,28553,24.56,12164,10.46
2018,El Monte,19929,26.44,8699,11.54,20155,26.74,12033,15.96,4604,6.11,8076,10.71,1889,2.51
2018,Escondido,13052,12.63,6804,6.59,24601,23.81,27048,26.18,7270,7.04,15602,15.1,8943,8.66
2018,Fairfield,4819,6.34,4500,5.92,16798,22.11,21682,28.53,6528,8.59,14873,19.57,6790,8.94
2018,Florence-Graham,12221,34.99,7487,21.44,7685,22.0,4541,13.0,1366,3.91,1394,3.99,233,0.67
2018,Folsom,857,1.62,2006,3.79,6157,11.63,10954,20.69,5584,10.55,16864,31.85,10532,19.89
2018,Fontana,16223,12.68,13270,10.37,36184,28.28,30155,23.57,7645,5.97,18847,14.73,5636,4.4
2018,Fremont,5735,3.36,5274,3.09,26045,15.24,23263,13.61,9952,5.82,51214,29.97,49387,28.9
2018,Fresno,35712,10.96,33597,10.31,76112,23.36,74890,22.98,30781,9.45,48011,14.73,26735,8.2
2018,Fullerton,4504,4.78,5281,5.61,15875,16.86,20739,22.03,7625,8.1,26376,28.01,13755,14.61
2018,Garden Grove,16745,14.03,12398,10.39,32780,27.47,24552,20.57,8723,7.31,18160,15.22,5989,5.02
2018,Glendale,10697,7.05,7671,5.05,30877,20.34,23778,15.67,20875,13.75,37133,24.46,20751,13.67
2018,Hawthorne,6709,11.97,5342,9.53,13137,23.45,12156,21.7,5387,9.61,9523,17.0,3774,6.74
2018,Hayward,6567,6.05,11707,10.79,32686,30.12,21567,19.87,5723,5.27,21766,20.06,8510,7.84
2018,Hemet,4304,7.58,6907,12.16,19204,33.81,15171,26.71,5487,9.66,3904,6.87,1830,3.22
2018,Hesperia,5484,9.67,6628,11.69,19927,35.14,16389,28.9,4381,7.73,2508,4.42,1390,2.45
2018,Huntington Beach,4484,3.09,5150,3.55,25392,17.5,31695,21.84,12504,8.62,40566,27.96,25301,17.44
2018,Indio,4941,6.93,4276,6.0,34469,48.33,13940,19.55,3640,5.1,5407,7.58,4648,6.52
2018,Inglewood,10222,14.19,6064,8.42,16683,23.17,16436,22.82,7374,10.24,10842,15.05,4396,6.1
2018,Irvine,4243,2.34,2818,1.56,14370,7.94,25632,14.16,12399,6.85,67442,37.25,54152,29.91
2018,Jurupa Valley,11476,17.07,8790,13.07,20939,31.14,12743,18.95,4697,6.99,5956,8.86,2636,3.92
2018,Laguna Niguel,778,1.61,1622,3.36,7016,14.56,10641,22.08,3263,6.77,14392,29.86,10491,21.76
2018,Lake Elsinore,3758,9.39,2536,6.34,11623,29.05,11026,27.56,3393,8.48,5083,12.71,2588,6.47
2018,Lake Forest,2029,3.29,2142,3.48,7017,11.38,13677,22.19,6575,10.67,20038,32.51,10156,16.48
2018,Lakewood,2124,3.71,3143,5.49,12117,21.15,14981,26.15,5678,9.91,13403,23.4,5836,10.19
2018,Lancaster,8549,8.91,11116,11.59,28949,30.18,21406,22.32,9091,9.48,10004,10.43,6802,7.09
2018,Livermore,1422,2.23,2123,3.33,11750,18.42,15335,24.04,6494,10.18,16778,26.31,9876,15.48
2018,Lodi,5572,12.71,2782,6.35,11928,27.21,8967,20.46,4712,10.75,7121,16.25,2753,6.28
2018,Long Beach,39632,12.28,20994,6.51,53310,16.52,84182,26.09,25678,7.96,64856,20.1,33953,10.52
2018,Los Angeles,379197,13.62,244927,8.79,531202,19.07,498526,17.9,170504,6.12,627964,22.55,332524,11.94
2018,Lynwood,11051,26.01,6658,15.67,12460,29.33,7899,18.59,1489,3.5,1923,4.53,1005,2.37
2018,Madera,12639,33.47,4958,13.13,7870,20.84,6502,17.22,1837,4.87,2768,7.33,1184,3.14
2018,Manteca,3556,6.47,5161,9.39,16903,30.75,13481,24.52,6447,11.73,7074,12.87,2352,4.28
2018,Menifee,3490,5.56,4481,7.13,19084,30.38,19373,30.84,6302,10.03,6538,10.41,3555,5.66
2018,Merced,7155,15.13,5172,10.94,11704,24.75,11072,23.41,3534,7.47,5164,10.92,3487,7.37
2018,Milpitas,4604,8.09,3870,6.8,8233,14.46,6691,11.75,5036,8.85,17176,30.17,11320,19.88
2018,Mission Viejo,2029,2.86,2281,3.22,10157,14.32,13846,19.53,7524,10.61,23425,33.04,11643,16.42
2018,Modesto,8820,6.53,11465,8.49,42129,31.21,36732,27.21,10237,7.58,17801,13.19,7810,5.79
2018,Moreno Valley,13042,10.48,12878,10.35,38832,31.21,29318,23.56,9591,7.71,14860,11.94,5902,4.74
2018,Mountain View,2153,3.57,885,1.47,4584,7.59,6228,10.32,3115,5.16,17762,29.42,25648,42.48
2018,Murrieta,3551,4.95,4072,5.67,17880,24.9,16874,23.5,6827,9.51,15448,21.51,7152,9.96
2018,Napa,5749,10.37,2355,4.25,10529,18.99,12154,21.92,5505,9.93,13190,23.78,5976,10.78
2018,Newport Beach,1164,1.74,799,1.19,5549,8.29,8898,13.29,5470,8.17,26453,39.51,18617,27.81
2018,Norwalk,10955,15.34,6121,8.57,21593,30.24,15359,21.51,5767,8.08,9043,12.66,2576,3.61
2018,Oakland,22160,6.96,21603,6.79,51685,16.24,52882,16.61,19676,6.18,86353,27.13,63922,20.08
2018,Oceanside,9190,7.34,7107,5.68,30060,24.01,32884,26.27,9785,7.82,24387,19.48,11767,9.4
2018,Ontario,19080,16.56,14229,12.35,30030,26.06,24492,21.26,9257,8.03,13668,11.86,4457,3.87
2018,Orange,5321,5.7,6914,7.41,16383,17.56,19710,21.13,7583,8.13,25561,27.4,11825,12.67
2018,Oxnard,28395,21.15,9491,7.07,34540,25.73,29293,21.82,9425,7.02,16805,12.52,6277,4.68
2018,Palmdale,8828,9.4,14090,15.01,23370,24.9,22629,24.11,7839,8.35,11342,12.08,5771,6.15
2018,Palo Alto,447,0.93,729,1.51,1837,3.81,3559,7.38,1605,3.33,14219,29.47,25861,53.59
2018,Pasadena,7765,7.54,3449,3.35,15960,15.5,16417,15.94,7147,6.94,28656,27.82,23606,22.92
2018,Perris,7819,17.76,7304,16.59,14140,32.12,8666,19.69,1783,4.05,3153,7.16,1156,2.63
2018,Pittsburg,3469,7.56,5232,11.4,11815,25.73,11272,24.55,4783,10.42,6823,14.86,2519,5.49
2018,Pleasanton,1066,1.87,1626,2.86,4668,8.2,8568,15.05,4468,7.85,20261,35.6,16256,28.56
2018,Pomona,16656,18.25,11607,12.72,21162,23.18,20051,21.97,6339,6.94,11380,12.47,4088,4.48
2018,Rancho Cordova,2451,4.71,3769,7.24,11204,21.52,15087,28.98,5440,10.45,9701,18.63,4414,8.48
2018,Rancho Cucamonga,4089,3.39,6214,5.15,22022,18.25,34678,28.75,11186,9.27,24872,20.62,17575,14.57
2018,Redding,957,1.49,5495,8.54,14603,22.68,17602,27.34,8207,12.75,10154,15.77,7355,11.43
2018,Redlands,1601,3.23,4017,8.11,10102,20.41,8386,16.94,4392,8.87,11518,23.27,9491,19.17
2018,Redondo Beach,605,1.24,1219,2.49,4844,9.91,7852,16.07,4498,9.2,18272,37.38,11586,23.7
2018,Redwood City,3518,5.76,4261,6.97,9956,16.29,10774,17.63,3025,4.95,15164,24.81,14425,23.6
2018,Rialto,10134,16.5,7838,12.76,18964,30.88,12817,20.87,4384,7.14,4936,8.04,2335,3.8
2018,Richmond,8068,10.59,6945,9.12,16157,21.21,16638,21.84,6568,8.62,14354,18.84,7461,9.79
2018,Riverside,19117,9.37,17555,8.61,56443,27.68,48325,23.69,15849,7.77,26817,13.15,19841,9.73
2018,Rocklin,213,0.51,1684,4.04,6640,15.94,10213,24.52,4469,10.73,12730,30.57,5697,13.68
2018,Roseville,1327,1.41,2220,2.36,14186,15.05,24451,25.95,10063,10.68,30183,32.03,11798,12.52
2018,Sacramento,27483,7.96,22173,6.42,71422,20.7,75235,21.8,29554,8.56,77182,22.36,42066,12.19
2018,Salinas,25708,28.11,12206,13.35,21689,23.72,14274,15.61,6348,6.94,7888,8.62,3343,3.66
2018,San Bernardino,16962,13.33,21700,17.05,37210,29.24,25673,20.17,8814,6.93,11047,8.68,5863,4.61
2018,San Buenaventura (Ventura),3972,5.02,4835,6.11,13374,16.9,19903,25.15,7740,9.78,18326,23.16,10984,13.88
2018,San Clemente,2632,5.66,1277,2.75,5130,11.03,9863,21.21,5799,12.47,14583,31.37,7208,15.5
2018,San Diego,72665,7.34,56128,5.67,142739,14.43,188866,19.09,73687,7.45,264622,26.74,190787,19.28
2018,San Francisco,41657,5.93,31724,4.52,85850,12.22,87877,12.51,35127,5.0,253594,36.1,166736,23.73
2018,San Jose,57489,8.07,44362,6.22,113834,15.97,119121,16.72,57305,8.04,189186,26.55,131362,18.43
2018,San Leandro,4819,7.42,5468,8.42,19607,30.2,11746,18.09,5049,7.78,12235,18.85,5996,9.24
2018,San Marcos,5386,8.85,4431,7.28,10869,17.85,12531,20.58,4558,7.49,15017,24.67,8085,13.28
2018,San Mateo,2833,3.63,2341,3.0,8551,10.96,14555,18.66,4557,5.84,24860,31.86,20322,26.05
2018,San Ramon,1271,2.51,1386,2.74,3828,7.57,5123,10.13,2317,4.58,20769,41.07,15880,31.4
2018,Santa Ana,47051,22.23,32304,15.27,47431,22.41,40577,19.18,10314,4.87,24726,11.68,9209,4.35
2018,Santa Barbara,6001,9.48,3734,5.9,9368,14.8,11641,18.39,3944,6.23,16100,25.44,12505,19.76
2018,Santa Clara,2182,2.43,2695,3.0,12621,14.06,12103,13.49,4973,5.54,27463,30.6,27699,30.87
2018,Santa Clarita,7626,5.45,6999,5.0,24055,17.18,35086,25.05,15768,11.26,34031,24.3,16484,11.77
2018,Santa Cruz,2184,6.44,1101,3.25,3153,9.3,7136,21.05,2677,7.9,8951,26.41,8692,25.64
2018,Santa Maria,17108,29.01,6219,10.54,13678,23.19,9930,16.84,4516,7.66,5193,8.81,2333,3.96
2018,Santa Monica,1739,2.42,1042,1.45,5423,7.56,11242,15.67,4533,6.32,25904,36.12,21843,30.45
2018,Santa Rosa,12130,9.63,8479,6.73,21832,17.33,30577,24.28,12216,9.7,25127,19.95,15591,12.38
2018,Simi Valley,2598,2.92,3407,3.83,20000,22.49,22212,24.98,10685,12.02,21031,23.65,8985,10.1
2018,South Gate,15379,27.11,9330,16.45,14267,25.15,9745,17.18,2180,3.84,3958,6.98,1870,3.3
2018,South San Francisco,3610,7.41,2005,4.11,10917,22.4,9748,20.0,3771,7.74,13002,26.67,5693,11.68
2018,South Whittier,5323,12.76,2926,7.01,14479,34.7,9841,23.58,2400,5.75,5034,12.06,1729,4.14
2018,Stockton,23787,12.46,16021,8.39,64003,33.53,38721,20.28,17611,9.23,21071,11.04,9681,5.07
2018,Sunnyvale,3386,2.96,4449,3.89,10780,9.42,13920,12.16,6690,5.85,36385,31.8,38826,33.93
2018,Temecula,1909,2.73,2647,3.78,15366,21.97,19612,28.04,7426,10.62,14712,21.03,8278,11.83
2018,Thousand Oaks,4732,5.29,3749,4.19,12772,14.28,17287,19.32,8882,9.93,23771,26.57,18275,20.43
2018,Torrance,2214,2.09,3482,3.28,16258,15.33,19579,18.47,8915,8.41,37403,35.28,18179,17.15
2018,Tracy,5122,9.02,3458,6.09,15917,28.02,14134,24.88,5569,9.8,9673,17.03,2932,5.16
2018,Turlock,5410,11.78,4337,9.44,11267,24.53,10498,22.86,3720,8.1,6790,14.78,3907,8.51
2018,Tustin,6645,12.94,3747,7.3,8347,16.26,9749,18.99,2640,5.14,13235,25.78,6974,13.58
2018,Union City,1626,2.98,4424,8.12,14100,25.88,9143,16.78,2939,5.39,13371,24.54,8889,16.31
2018,Upland,1866,3.64,3204,6.26,10040,19.6,13208,25.79,5551,10.84,10422,20.35,6925,13.52
2018,Vacaville,1769,2.57,4301,6.24,17532,25.45,21204,30.77,7114,10.32,11325,16.44,5656,8.21
2018,Vallejo,4564,5.29,5388,6.25,20873,24.21,23198,26.9,9926,11.51,16641,19.3,5638,6.54
2018,Victorville,3738,5.28,10508,14.85,23187,32.78,18246,25.79,6914,9.77,6107,8.63,2043,2.89
2018,Visalia,4768,5.88,5133,6.33,19318,23.83,20321,25.07,9616,11.86,12981,16.01,8931,11.02
2018,Vista,6907,10.36,3985,5.98,16583,24.87,15404,23.1,6189,9.28,11494,17.24,6118,9.18
2018,Walnut Creek,418,0.72,963,1.66,3656,6.3,8000,13.78,3464,5.96,22184,38.2,19391,33.39
2018,West Covina,6421,8.81,3603,4.95,18666,25.62,16635,22.83,5224,7.17,15748,21.62,6557,9.0
2018,Westminster,8915,13.65,7365,11.28,12913,19.77,12055,18.46,5455,8.35,13132,20.1,5485,8.4
2018,Whittier,4195,6.86,2757,4.51,17148,28.04,14770,24.15,5162,8.44,10559,17.27,6564,10.73
2018,Yorba Linda,658,1.37,1079,2.24,5856,12.17,11275,23.43,4283,8.9,16304,33.88,8663,18.0
2018,Yuba City,4654,10.5,4710,10.63,10446,23.58,11206,25.29,4485,10.12,5596,12.63,3210,7.24
2019,Alameda,1682,2.98,3315,5.88,7109,12.61,9065,16.08,2965,5.26,19910,35.32,12319,21.86
2019,Alhambra,5503,8.87,4684,7.55,14697,23.69,9426,15.2,4119,6.64,14668,23.65,8931,14.4
2019,Anaheim,29256,12.38,23276,9.85,56179,23.77,50771,21.48,15649,6.62,39645,16.78,21548,9.12
2019,Antioch,5207,6.7,6111,7.86,22135,28.47,19723,25.37,8679,11.16,10053,12.93,5829,7.5
2019,Apple Valley,2170,4.61,3760,7.99,14478,30.75,13054,27.72,5006,10.63,4799,10.19,3819,8.11
2019,Arden-Arcade,3380,4.55,4189,5.64,18446,24.83,15071,20.29,7440,10.01,15893,21.39,9875,13.29
2019,Bakersfield,24274,10.43,19864,8.54,58738,25.25,55740,23.96,21941,9.43,34067,14.64,17997,7.74
2019,Baldwin Park,10151,20.21,5925,11.8,15994,31.84,9237,18.39,2203,4.39,5327,10.61,1390,2.77
2019,Bellflower,5870,11.17,7521,14.31,11557,21.99,13167,25.06,5516,10.5,6205,11.81,2712,5.16
2019,Berkeley,1361,1.79,1388,1.82,4460,5.86,8171,10.74,2474,3.25,26811,35.22,31449,41.32
2019,Buena Park,5813,9.58,3087,5.09,12811,21.12,14616,24.09,4618,7.61,14385,23.71,5341,8.8
2019,Burbank,2199,2.81,3128,4.0,10915,13.96,17299,22.13,9112,11.66,24957,31.93,10562,13.51
2019,Camarillo,1240,2.45,1613,3.19,7143,14.14,13046,25.82,4268,8.45,14384,28.47,8837,17.49
2019,Carlsbad,1140,1.36,1661,1.98,6911,8.22,16049,19.1,6954,8.28,30192,35.93,21119,25.13
2019,Carmichael,2111,4.35,2230,4.6,9033,18.63,11323,23.36,6559,13.53,11685,24.11,5533,11.41
2019,Carson,6184,9.26,5635,8.44,13006,19.47,16542,24.77,5499,8.23,15429,23.1,4493,6.73
2019,Chico,1944,3.2,3319,5.46,10041,16.53,14242,23.45,6408,10.55,15861,26.11,8925,14.69
2019,Chino,5040,7.3,7421,10.75,15394,22.31,16435,23.82,5998,8.69,13463,19.51,5250,7.61
2019,Chino Hills,1054,1.79,1685,2.87,7332,12.47,11960,20.34,5943,10.11,20858,35.47,9975,16.96
2019,Chula Vista,11349,6.18,19435,10.59,37664,20.52,40510,22.07,21041,11.47,38169,20.8,15354,8.37
2019,Citrus Heights,1217,1.87,4050,6.22,16946,26.04,24122,37.06,7116,10.93,7945,12.21,3689,5.67
2019,Clovis,1283,1.74,3671,4.99,12527,17.03,22843,31.05,7202,9.79,16465,22.38,9586,13.03
2019,Compton,14645,24.36,10242,17.04,16904,28.12,10674,17.76,2550,4.24,3456,5.75,1636,2.72
2019,Concord,5813,6.42,4030,4.45,16882,18.65,20904,23.09,9501,10.49,21906,24.19,11508,12.71
2019,Corona,6820,6.04,7783,6.89,29364,25.99,26927,23.84,10634,9.41,20303,17.97,11135,9.86
2019,Costa Mesa,4668,5.89,6472,8.17,14451,18.25,17054,21.53,6060,7.65,21638,27.32,8853,11.18
2019,Daly City,4641,5.9,4814,6.12,17866,22.71,14772,18.78,7178,9.13,23885,30.37,5500,6.99
2019,Davis,1261,3.48,773,2.14,3368,9.31,5137,14.2,1623,4.49,11211,30.98,12813,35.41
2019,Downey,7285,9.79,5010,6.73,21578,28.98,15151,20.35,7618,10.23,12851,17.26,4957,6.66
2019,East Los Angeles,21600,28.73,13110,17.43,17412,23.16,13135,17.47,3849,5.12,4682,6.23,1407,1.87
2019,El Cajon,6864,9.92,4119,5.95,16232,23.45,19333,27.93,6408,9.26,11097,16.03,5169,7.47
2019,Elk Grove,5550,4.65,5900,4.95,22699,19.03,29058,24.36,12285,10.3,28602,23.98,15176,12.72
2019,El Monte,18536,23.26,10742,13.48,23500,29.49,11701,14.69,4419,5.55,9223,11.58,1554,1.95
2019,Escondido,14623,14.29,6882,6.72,19914,19.46,26528,25.92,6908,6.75,18321,17.9,9182,8.97
2019,Fairfield,4599,5.86,2690,3.43,18253,23.25,19473,24.8,8499,10.82,17970,22.89,7036,8.96
2019,Florence-Graham,14315,33.23,8928,20.72,9243,21.45,5858,13.6,1397,3.24,2630,6.1,710,1.65
2019,Folsom,704,1.23,1732,3.03,7597,13.3,10386,18.19,6381,11.17,18349,32.13,11961,20.94
2019,Fontana,14654,11.3,15706,12.11,37151,28.64,28833,22.23,7885,6.08,19244,14.84,6233,4.81
2019,Fremont,5175,3.0,6813,3.95,30117,17.46,21508,12.47,8377,4.86,55632,32.25,44905,26.03
2019,Fresno,36201,11.04,38000,11.59,75199,22.94,73827,22.52,33284,10.15,48846,14.9,22507,6.86
2019,Fullerton,5263,5.77,4422,4.85,15801,17.33,19313,21.18,6223,6.82,23846,26.15,16318,17.9
2019,Garden Grove,13988,11.46,14344,11.75,32193,26.37,21714,17.78,9682,7.93,24066,19.71,6112,5.01
2019,Glendale,10538,7.14,7739,5.24,36787,24.91,17633,11.94,15113,10.23,38842,26.3,21024,14.24
2019,Hawthorne,6917,12.58,6227,11.33,12379,22.52,12132,22.07,3879,7.06,9187,16.71,4249,7.73
2019,Hayward,7277,6.53,10696,9.6,30699,27.55,22260,19.98,9378,8.42,22654,20.33,8455,7.59
2019,Hemet,6701,11.69,6282,10.96,19487,33.99,14925,26.03,3959,6.91,3591,6.26,2382,4.16
2019,Hesperia,3809,6.5,8270,14.12,20541,35.08,11821,20.19,5475,9.35,5990,10.23,2657,4.54
2019,Huntington Beach,5824,3.95,5882,3.99,26988,18.29,34319,23.25,14091,9.55,36361,24.64,24115,16.34
2019,Indio,2992,4.72,7314,11.55,15033,23.74,15880,25.07,5700,9.0,10350,16.34,6065,9.58
2019,Inglewood,9144,12.49,7432,10.15,17823,24.34,17076,23.32,4295,5.87,12925,17.65,4526,6.18
2019,Irvine,1765,0.95,3804,2.04,12768,6.84,24238,12.98,14389,7.71,73060,39.14,56663,30.35
2019,Jurupa Valley,11966,18.43,6868,10.58,19580,30.15,12187,18.77,4231,6.52,7383,11.37,2723,4.19
2019,Laguna Niguel,1157,2.41,1226,2.55,4626,9.63,9994,20.81,4584,9.55,16372,34.09,10066,20.96
2019,Lake Elsinore,3687,8.92,1697,4.11,12896,31.21,10393,25.15,3145,7.61,7297,17.66,2201,5.33
2019,Lake Forest,1288,2.16,1628,2.73,7679,12.86,13330,22.32,5404,9.05,19843,33.22,10562,17.68
2019,Lakewood,2338,4.39,2116,3.97,11072,20.78,14010,26.29,6386,11.98,12059,22.63,5309,9.96
2019,Lancaster,7158,7.24,10060,10.17,29330,29.65,24792,25.06,9345,9.45,11943,12.07,6296,6.36
2019,Livermore,1842,2.93,1098,1.74,10194,16.2,13686,21.75,6503,10.33,18711,29.73,10895,17.31
2019,Lodi,5067,11.71,2623,6.06,12355,28.55,10958,25.32,4350,10.05,5321,12.3,2600,6.01
2019,Long Beach,35871,11.29,26465,8.33,59280,18.65,71408,22.47,20214,6.36,70284,22.11,34329,10.8
2019,Los Angeles,366306,13.19,231555,8.34,528710,19.03,476606,17.16,178634,6.43,661928,23.83,334223,12.03
2019,Lynwood,9881,23.37,8678,20.52,12083,28.58,6625,15.67,1548,3.66,3078,7.28,388,0.92
2019,Madera,10275,29.13,4384,12.43,6802,19.28,8077,22.9,3098,8.78,1601,4.54,1037,2.94
2019,Manteca,2711,4.91,3399,6.16,16346,29.62,15853,28.73,5453,9.88,8028,14.55,3392,6.15
2019,Menifee,4054,6.52,2952,4.75,18947,30.47,16150,25.97,7053,11.34,8463,13.61,4563,7.34
2019,Merced,6681,13.79,6088,12.57,12383,25.56,11048,22.8,5179,10.69,4502,9.29,2567,5.3
2019,Milpitas,3243,5.05,3983,6.2,8690,13.53,7109,11.06,5684,8.85,22055,34.33,13485,20.99
2019,Mission Viejo,1340,1.9,2289,3.25,9393,13.32,15545,22.04,6869,9.74,22185,31.46,12903,18.3
2019,Modesto,12394,8.7,11233,7.88,45444,31.89,37315,26.19,10738,7.54,18076,12.69,7299,5.12
2019,Moreno Valley,13257,10.39,16563,12.98,36660,28.73,33467,26.23,9334,7.32,12437,9.75,5864,4.6
2019,Mountain View,1818,2.93,2176,3.51,5202,8.39,5481,8.84,2748,4.43,19949,32.16,24652,39.74
2019,Murrieta,858,1.15,4349,5.85,16615,22.35,23328,31.38,7030,9.46,14621,19.66,7551,10.16
2019,Napa,5050,8.92,3439,6.07,11051,19.51,12726,22.47,4356,7.69,12474,22.02,7548,13.33
2019,Newport Beach,565,0.89,1446,2.29,4709,7.45,11704,18.52,4412,6.98,22744,35.99,17620,27.88
2019,Norwalk,8597,12.22,6663,9.47,20095,28.57,14730,20.94,4707,6.69,12625,17.95,2930,4.17
2019,Oakland,22728,7.21,21641,6.87,53150,16.86,46364,14.71,17222,5.46,87799,27.85,66316,21.04
2019,Oceanside,10948,8.95,7332,5.99,24167,19.75,31292,25.57,11780,9.63,23407,19.13,13442,10.98
2019,Ontario,14378,12.15,15735,13.29,29815,25.19,29145,24.62,8494,7.18,14973,12.65,5828,4.92
2019,Orange,6839,7.29,7748,8.26,15040,16.02,21373,22.77,5826,6.21,24739,26.36,12289,13.09
2019,Oxnard,27462,20.67,8393,6.32,40143,30.21,21852,16.45,8796,6.62,19004,14.3,7208,5.43
2019,Palmdale,11922,12.9,10484,11.34,27505,29.76,20232,21.89,7006,7.58,11979,12.96,3308,3.58
2019,Palo Alto,789,1.72,586,1.28,1396,3.05,3170,6.93,1088,2.38,14118,30.86,24595,53.77
2019,Pasadena,6771,6.22,4419,4.06,15602,14.33,14438,13.26,5774,5.3,33701,30.95,28194,25.89
2019,Perris,10761,22.67,3737,7.87,15418,32.48,9613,20.25,2736,5.76,4011,8.45,1200,2.53
2019,Pittsburg,6515,13.32,4888,9.99,13864,28.35,9193,18.8,3506,7.17,7407,15.14,3536,7.23
2019,Pleasanton,1434,2.48,995,1.72,5442,9.4,7272,12.56,4307,7.44,21175,36.58,17266,29.83
2019,Pomona,14745,15.16,12452,12.81,23700,24.37,22333,22.97,5939,6.11,13684,14.07,4386,4.51
2019,Rancho Cordova,1707,3.59,3939,8.27,10668,22.41,12581,26.43,4870,10.23,9615,20.2,4222,8.87
2019,Rancho Cucamonga,4699,3.84,5701,4.65,22399,18.28,32707,26.69,12730,10.39,27515,22.46,16774,13.69
2019,Redding,826,1.29,2909,4.55,14769,23.09,21711,33.94,8329,13.02,10935,17.09,4493,7.02
2019,Redlands,1162,2.27,3356,6.55,6831,13.33,9247,18.04,3472,6.77,12390,24.17,14800,28.87
2019,Redondo Beach,506,1.08,851,1.81,2960,6.29,9322,19.82,3164,6.73,20339,43.23,9901,21.05
2019,Redwood City,3640,5.77,1863,2.95,9711,15.39,9314,14.76,4434,7.03,17558,27.83,16564,26.26
2019,Rialto,7215,11.61,9378,15.09,18676,30.04,15722,25.29,3352,5.39,5601,9.01,2222,3.57
2019,Richmond,8409,11.22,9346,12.47,14766,19.7,14343,19.14,4855,6.48,14824,19.78,8400,11.21
2019,Riverside,22231,10.93,16410,8.07,56299,27.69,48191,23.7,15277,7.51,25536,12.56,19364,9.52
2019,Rocklin,740,1.66,1118,2.51,6464,14.49,8617,19.32,5700,12.78,14990,33.6,6981,15.65
2019,Roseville,2005,2.03,3459,3.5,15394,15.59,24482,24.79,10388,10.52,29752,30.13,13265,13.43
2019,Sacramento,23806,6.82,21558,6.17,78509,22.48,81517,23.34,26021,7.45,77336,22.14,40523,11.6
2019,Salinas,25166,27.82,11338,12.53,21879,24.19,13098,14.48,8482,9.38,7454,8.24,3045,3.37
2019,San Bernardino,14438,11.08,21704,16.66,42236,32.41,27039,20.75,8170,6.27,11535,8.85,5182,3.98
2019,San Buenaventura (Ventura),2297,2.89,4146,5.21,15291,19.21,20635,25.92,7778,9.77,18656,23.44,10801,13.57
2019,San Clemente,658,1.45,819,1.8,6342,13.94,8377,18.42,3550,7.8,13797,30.33,11946,26.26
2019,San Diego,56366,5.69,47552,4.8,154539,15.61,192905,19.49,69625,7.03,277682,28.05,191280,19.32
2019,San Francisco,47667,6.8,33872,4.83,83279,11.88,87281,12.45,34056,4.86,245885,35.06,169239,24.13
2019,San Jose,62158,8.74,41424,5.83,117419,16.51,117489,16.52,52781,7.42,183254,25.77,136515,19.2
2019,San Leandro,6281,9.06,3330,4.8,14598,21.05,13567,19.57,5241,7.56,17354,25.03,8972,12.94
2019,San Marcos,3451,5.55,3630,5.84,12364,19.89,13165,21.18,4734,7.62,16096,25.9,8716,14.02
2019,San Mateo,4858,6.37,2733,3.58,9127,11.97,11025,14.46,4977,6.53,22525,29.54,21000,27.54
2019,San Ramon,533,1.06,1039,2.06,4599,9.11,5218,10.34,2878,5.7,20268,40.15,15951,31.59
2019,Santa Ana,41360,19.55,36497,17.25,52420,24.77,34714,16.4,9458,4.47,25000,11.81,12162,5.75
2019,Santa Barbara,6266,9.83,3061,4.8,7328,11.5,9789,15.36,4385,6.88,20061,31.48,12838,20.14
2019,Santa Clara,2302,2.49,3282,3.55,11625,12.58,10986,11.89,7243,7.84,28881,31.25,28099,30.4
2019,Santa Clarita,7476,5.29,6771,4.79,25806,18.26,35613,25.21,13435,9.51,35089,24.83,17099,12.1
2019,Santa Cruz,1393,3.98,430,1.23,4389,12.53,6757,19.29,2844,8.12,10130,28.92,9086,25.94
2019,Santa Maria,18425,30.51,6098,10.1,14510,24.03,10399,17.22,2668,4.42,5653,9.36,2636,4.37
2019,Santa Monica,2988,4.08,1307,1.79,7954,10.87,10096,13.8,3797,5.19,27851,38.07,19170,26.2
2019,Santa Rosa,10496,8.54,7478,6.09,25171,20.49,26284,21.39,12199,9.93,24922,20.29,16305,13.27
2019,Simi Valley,2586,2.87,4176,4.64,20347,22.61,22369,24.86,10574,11.75,19915,22.13,10008,11.12
2019,South Gate,16990,28.54,9659,16.22,14526,24.4,10545,17.71,2616,4.39,4353,7.31,845,1.42
2019,South San Francisco,3417,6.43,2690,5.06,10609,19.96,9375,17.64,5130,9.65,16056,30.21,5876,11.05
2019,Stockton,28520,14.5,17853,9.08,58468,29.73,38024,19.33,14511,7.38,27423,13.94,11862,6.03
2019,Sunnyvale,4699,4.26,2495,2.26,9577,8.68,13751,12.46,7661,6.94,33602,30.46,38532,34.93
2019,Temecula,2642,3.6,1750,2.38,11198,15.25,21916,29.84,6762,9.21,18659,25.41,10515,14.32
2019,Thousand Oaks,2316,2.71,2757,3.23,9820,11.51,15973,18.72,7689,9.01,26712,31.31,20060,23.51
2019,Torrance,2554,2.34,2578,2.37,19681,18.06,17828,16.36,8383,7.69,38994,35.79,18932,17.38
2019,Tracy,5660,9.39,4645,7.7,15888,26.35,15250,25.29,6627,10.99,9925,16.46,2300,3.81
2019,Tulare,3871,11.69,4555,13.76,10056,30.38,8567,25.88,3157,9.54,2355,7.11,544,1.64
2019,Turlock,3878,8.57,2692,5.95,10245,22.64,12986,28.7,4126,9.12,7937,17.54,3389,7.49
2019,Tustin,2970,5.84,3303,6.49,9475,18.62,9329,18.33,3952,7.77,13111,25.76,8750,17.19
2019,Union City,2689,4.94,2872,5.28,10637,19.55,8347,15.34,3725,6.85,16912,31.08,9237,16.97
2019,Upland,984,1.83,3542,6.6,11741,21.87,14612,27.22,5591,10.42,11462,21.35,5744,10.7
2019,Vacaville,3344,4.78,5145,7.35,16057,22.93,20642,29.48,7586,10.83,11001,15.71,6240,8.91
2019,Vallejo,4698,5.49,5427,6.34,22179,25.92,22892,26.75,7702,9.0,14358,16.78,8307,9.71
2019,Victorville,7170,10.01,13201,18.44,21046,29.39,16811,23.48,5250,7.33,4877,6.81,3246,4.53
2019,Visalia,9525,11.16,5288,6.19,18817,22.04,25496,29.87,11333,13.28,9664,11.32,5245,6.14
2019,Vista,10080,15.05,6638,9.91,13245,19.77,16027,23.93,6015,8.98,10676,15.94,4299,6.42
2019,Walnut Creek,510,0.94,778,1.43,4200,7.73,10037,18.48,3316,6.11,19442,35.8,16019,29.5
2019,West Covina,5308,7.09,4530,6.05,20919,27.95,16083,21.49,6734,9.0,15563,20.79,5706,7.62
2019,Westminster,8307,13.03,6607,10.36,15641,24.53,11273,17.68,4963,7.78,12445,19.52,4535,7.11
2019,Whittier,3021,5.44,3921,7.06,16232,29.24,12079,21.76,5374,9.68,8559,15.42,6325,11.39
2019,Yorba Linda,613,1.24,1576,3.19,6748,13.65,9289,18.79,5290,10.7,17451,35.29,8482,17.15
2019,Yuba City,5344,11.93,4756,10.62,9396,20.97,11112,24.8,4106,9.17,5684,12.69,4402,9.83
