City,2010,2011,2012,2013,2014,2015,2016,2017,2018,2019
Acampo,289951.9,267016.0,260897.3,306530.0,363352.3,405627.8,450817.9,493062.7,542123.8,568173.6
Acton,355516.6,335887.2,315524.2,360287.7,406704.5,432973.8,453210.8,487450.7,541173.4,569946.7
Adelanto,90051.3,88697.2,86120.7,107925.9,138655.1,151341.3,163054.6,185452.3,215121.7,229748.6
Agoura Hills,579185.2,547057.9,533376.5,615327.3,679261.9,695740.1,701358.5,756611.8,826808.6,831652.6
Agua Dulce,456420.5,423874.9,401228.1,444603.0,490273.9,516722.7,536170.9,578898.9,638783.7,673156.4
Aguanga,188521.3,187327.4,175301.9,203317.2,249312.1,280753.6,303526.2,325757.4,360918.5,372791.0
Ahwahnee,202876.6,195658.4,197154.3,222085.9,245092.1,260032.6,266713.7,278435.4,312462.9,322871.0
Alameda,605675.9,549432.6,521763.6,610970.8,696844.5,789464.7,878701.5,933786.9,1009807.5,987085.5
Alamo,1055856.0,1013162.0,1069971.0,1226443.9,1373122.1,1499333.6,1557717.6,1600004.1,1682794.5,1694733.1
Albany,544702.0,503125.7,494304.3,590511.9,672689.4,771841.5,845754.5,905247.1,997432.7,1012555.3
Alhambra,441616.7,419268.5,405232.1,453821.8,506728.2,524186.5,528523.5,573165.0,648832.2,674850.6
Aliso Viejo,422593.3,390351.7,373015.0,445569.7,504307.1,517858.0,536534.7,580292.9,624151.0,616431.9
Alondra Park,363927.4,337748.1,325681.9,370944.8,419742.6,448023.2,469190.7,525446.1,599632.7,628883.4
Alpine,428933.9,393002.9,393660.6,441558.6,490226.0,519505.1,557991.8,587300.7,627865.8,625686.9
Alta,241540.1,206645.8,189227.4,211950.7,235994.1,262604.8,287664.9,322016.8,342518.4,351979.0
Altadena,514442.4,486933.7,472093.8,540661.2,606969.9,638406.3,659092.8,722214.2,815543.6,849431.0
Alturas,89338.3,88879.4,82556.4,85231.9,90087.2,92870.1,96098.4,102318.8,109536.0,116452.6
Amador City,188763.0,179338.4,176359.0,190677.1,229101.1,264350.3,296305.0,328783.2,365884.4,382497.0
American Canyon,288183.5,270461.5,259105.3,313210.5,378294.5,420153.5,468004.5,505633.3,541379.0,554818.7
Anaheim,371899.4,352695.3,347316.4,405768.7,454124.9,479128.8,501650.3,548453.7,594969.0,602268.7
Anderson,156839.8,144931.0,140806.2,157260.2,177023.2,190556.6,201682.2,215048.3,228942.8,243939.2
Angels Camp,217388.4,208114.2,210394.7,229102.7,252310.5,263555.8,288973.3,316955.4,339362.2,352639.6
Angelus Oaks,140548.8,121983.4,106816.4,127950.9,152758.2,157741.2,163324.1,192031.5,222959.0,228727.8
Angwin,500305.4,481369.5,467620.7,555302.8,606778.5,656103.9,741135.3,795445.3,817188.1,826529.2
Antioch,181427.3,176649.7,183599.2,239581.8,298021.5,323531.8,359296.2,399189.3,443490.1,457360.6
Anza,150578.3,134216.4,123950.4,135463.1,166321.4,193345.2,213843.4,236056.5,280746.3,292520.2
Apple Valley,138720.2,131689.3,126676.1,150496.5,179401.9,194588.4,208154.5,233045.2,262956.5,268523.4
Applegate,281220.6,247402.5,240269.5,284963.1,317920.7,350328.4,377479.7,405939.9,431845.3,446327.4
Aptos,631552.1,577894.5,572606.1,642455.4,711065.5,778026.8,849788.6,895748.4,957458.3,957620.5
Arbuckle,158644.0,152222.3,149037.8,165418.7,190362.5,208981.5,232880.3,256582.1,282330.7,301394.7
Arcadia,740442.6,710332.5,711913.7,821591.1,972452.3,1019007.3,964556.6,1016709.9,1100215.1,1073913.5
Arcata,367523.2,357480.4,326586.4,326948.7,338184.7,352364.0,382513.0,415223.1,432900.7,449344.8
Arden-Arcade,223160.8,197178.6,189808.5,232618.8,270269.0,290351.8,313864.9,337801.2,362333.8,377044.0
Armona,130553.5,112310.5,100837.6,103472.1,113853.1,123190.7,133382.8,144263.5,159508.7,171194.2
Arnold,223300.8,214059.0,203339.5,212310.8,238610.6,245635.8,259449.1,275316.8,295776.4,309546.5
Aromas,425136.4,385702.4,369387.6,437450.1,521580.3,573998.8,639645.1,686678.7,730828.2,750318.2
Arroyo Grande,474261.7,430874.6,438034.6,506046.0,556878.0,590922.3,621814.8,679372.2,706784.4,713059.4
Artesia,332934.5,317578.7,307099.5,346926.5,389500.1,417929.5,435651.3,480182.5,535735.3,556320.8
Arvin,99695.8,88471.9,88420.2,105441.8,125304.2,137320.0,149556.3,158978.1,172462.8,183034.9
Atascadero,319336.6,300730.2,308011.6,356506.7,393101.2,417108.0,446410.6,492170.7,522232.6,528549.5
Atherton,3045792.9,2958626.7,3289117.8,3938344.2,4479013.5,5184098.9,5585178.3,5704451.1,6180327.7,5996300.9
Atwater,126619.3,125461.2,123722.0,145756.6,176035.5,194339.7,212494.9,234508.4,257576.8,276600.7
Auberry,216426.9,189643.7,184803.1,199092.8,219053.6,234166.7,249475.1,258521.2,275145.8,279308.7
Auburn,295016.6,265788.1,260753.8,303690.9,342785.4,368616.8,397762.2,428099.8,460261.7,476518.2
August,61030.2,57469.1,55293.8,71668.0,91698.4,108751.1,130534.5,154030.4,184056.9,207825.5
Avalon,560859.3,509406.7,493235.2,546047.6,586588.5,610484.6,615114.9,641250.4,699006.7,735611.1
Avenal,119938.5,101251.8,92767.5,94911.6,101618.1,108683.1,118350.6,129342.1,140254.1,150326.5
Avila Beach,624383.8,582346.1,614835.4,705783.7,788275.6,858459.9,894216.2,976035.8,1032741.1,1021709.0
Avocado Heights,316807.7,299754.1,286122.0,326475.0,374239.7,393216.1,410976.5,458778.3,517371.0,540952.6
Azusa,272108.3,259742.3,249901.5,294768.1,345200.3,368209.1,384465.6,422781.7,463109.2,476675.7
Bakersfield,148911.4,139110.8,144340.1,174651.8,202555.8,214306.0,221013.5,226356.7,237883.9,249617.0
Baldwin Park,250178.4,241534.9,232860.6,272460.6,321807.0,343992.4,360075.4,396275.5,452386.0,473845.7
Ballico,338054.1,305773.1,275229.3,305014.0,365426.0,429130.6,460028.3,504335.2,554804.7,576443.7
Bangor,218265.6,191520.6,174734.2,187708.5,213246.8,237465.0,253662.4,279082.4,307105.2,328043.0
Banning,123141.1,118257.7,114079.7,138297.6,170808.3,194086.8,211035.1,229196.6,259405.9,271038.1
Barstow,91926.5,75524.2,73336.4,79345.9,90149.7,96058.5,105254.7,120765.7,145026.3,151760.1
Bass Lake,362722.8,343924.9,345238.5,358422.2,374518.9,399363.3,393795.4,402944.9,464076.0,459841.0
Bayside,492496.2,492356.8,454120.4,452044.4,467866.3,490580.1,519143.2,557431.4,591214.2,626835.1
Beaumont,195257.6,181678.4,177981.2,209901.2,252231.4,271336.9,290677.3,309211.9,333887.1,346216.0
Bell,230157.8,218060.8,216652.0,248981.4,289034.7,317445.0,335218.0,373280.7,419224.4,446463.8
Bell Canyon,1070989.8,1061363.9,1025926.8,1123046.4,1234083.5,1283597.7,1379835.1,1440509.7,1518502.0,1531084.1
Bell Gardens,218136.7,204613.0,203504.9,239408.5,280945.9,307965.0,327030.5,368477.4,416603.1,443746.4
Bellflower,311087.3,296074.0,286233.8,324367.5,367450.0,391641.0,411200.7,454715.7,510548.0,531315.0
Belmont,787271.2,756378.8,802006.6,979581.5,1157038.6,1354666.7,1502329.7,1579205.2,1804469.0,1755274.4
Belvedere,2225396.9,2119338.1,2270762.7,2569888.7,2835574.0,3174856.7,3409431.8,3503409.2,3621660.4,3551630.9
Ben Lomond,429829.9,392171.9,393762.6,456885.1,517823.4,585537.9,649601.5,699425.4,758020.5,754580.8
Benicia,372470.2,332032.9,317270.4,395674.3,463332.6,504148.4,548310.6,583843.2,627226.3,629702.5
Berkeley,704889.7,653891.7,635704.5,735971.9,840724.0,970035.7,1066629.9,1136441.3,1241931.5,1235161.3
Berry Creek,173812.8,158073.1,139732.2,149152.9,165870.3,186811.5,206721.9,219970.5,244356.5,264500.1
Bethel Island,250860.5,258051.7,267690.5,316807.8,367405.9,400287.9,439136.6,478646.0,523230.0,530698.9
Beverly Hills,1517350.2,1500041.2,1497414.8,1698361.8,1952476.8,2058206.3,1995376.4,2243686.3,2800363.5,3168692.3
Bieber,72609.1,71219.9,74970.9,79936.1,82677.9,91637.8,103158.4,113981.3,130190.2,137469.2
Big Bear City,178603.1,156486.7,138016.0,150623.2,172730.5,184415.7,194305.2,214555.2,250836.0,256379.3
Big Bear Lake,289449.4,259119.7,237545.5,258867.0,289266.3,299855.4,306789.9,334083.7,374893.1,372790.7
Big Sur,1122953.0,1054227.7,1184343.1,1387812.5,1457369.8,1507615.6,1729813.4,1795623.4,1918302.4,1935766.9
Biggs,160200.0,144748.9,119471.8,129401.0,147625.4,160455.1,177191.0,195415.2,218751.8,248517.9
Bloomington,137193.2,135379.6,136122.0,167528.9,210292.3,233315.8,250067.8,283293.9,327046.8,345200.8
Blythe,117978.2,95935.2,88618.6,97076.8,106542.3,115310.1,126286.7,137227.8,152010.9,156095.1
Bodega Bay,649894.4,595977.5,613287.1,694819.2,751532.7,815170.4,868092.0,881760.2,944900.3,948100.4
Bodfish,67867.8,63012.5,68664.8,80810.7,91314.8,96182.8,102352.0,108758.9,118359.6,126434.8
Bonita,403760.0,392770.9,402120.2,467549.9,517483.8,561282.9,595948.9,629235.8,657261.6,668338.0
Bonsall,428477.6,403987.0,402527.5,454694.5,515846.1,555694.9,589404.3,630427.4,666055.4,667334.0
Boron,42910.7,33439.0,30417.5,38065.2,44530.8,50409.2,54022.2,62056.0,78530.7,91634.1
Borrego Springs,188190.9,154870.1,153582.7,169954.4,193664.5,204392.3,217615.9,229774.9,236870.2,235247.2
Boulder Creek,337276.3,302111.5,302978.6,361518.9,421190.2,483627.9,548916.7,592106.5,632684.6,628402.6
Boulevard,171101.4,150726.0,145653.5,165787.4,195538.9,216387.9,244780.3,275254.3,305676.6,312839.3
Bradbury,1156782.8,1121952.8,1112728.9,1352093.1,1621868.6,1696000.7,1584625.5,1686415.0,1921922.9,1895581.5
Bradley,340386.3,315749.4,313441.3,356607.2,382259.7,393833.5,408042.9,437750.0,459271.4,454788.6
Brawley,134236.2,127610.9,134931.7,139055.9,160537.7,176327.6,190832.5,202705.7,210815.9,223508.8
Brea,493883.3,462364.6,455726.6,521559.0,585087.1,609151.9,630914.1,685842.4,728888.2,728895.9
Brentwood,280746.2,269089.9,301300.3,375466.7,442495.5,482498.1,524232.4,556428.6,594543.3,610602.0
Bridgeport,168463.8,158508.6,166799.2,197088.7,229559.2,230228.5,250843.8,272550.4,291771.4,309405.0
Brisbane,537997.0,497008.5,502214.6,608411.0,694198.1,797284.3,884498.8,928120.2,1034696.9,1049394.7
Browns Valley,256614.1,244883.8,243995.7,272869.0,308554.2,335840.5,360658.5,387219.5,427549.9,441533.5
Brownsville,149230.7,143940.5,141354.5,152122.7,174555.0,193091.9,218003.1,238446.1,251638.2,260674.4
Buellton,421187.1,402976.3,360537.6,412309.6,466615.2,508342.1,544115.9,565445.5,579200.6,584835.7
Buena Park,367803.6,348050.8,340465.1,397807.2,442684.3,466459.6,490226.8,544462.2,592230.4,599352.6
Burbank,497845.8,466592.1,450109.5,514505.3,576023.5,609494.5,631402.3,693183.0,791802.5,823094.6
Burlingame,1016775.0,957219.7,1045774.4,1288680.0,1514733.3,1726637.6,1865573.8,1955717.4,2195334.7,2163914.7
Buttonwillow,75330.6,66053.5,58030.1,64267.3,80481.4,99043.9,107610.4,115105.1,126236.3,140288.4
Cabazon,67942.4,61100.1,61460.5,74670.5,99400.1,121076.5,134548.5,145646.2,170385.1,182894.4
Calabasas,804887.3,759816.6,745363.5,837879.2,928797.5,943837.3,945974.6,1017396.0,1133925.6,1164716.5
Calexico,130261.4,123103.6,128605.6,144326.5,164824.4,182660.6,201308.6,214212.3,225337.3,240416.4
Caliente,140927.8,129023.3,130335.8,146384.9,164160.1,175385.3,187716.9,191180.9,208803.0,211105.7
California City,70302.9,63799.7,59864.8,66865.7,82373.2,91974.5,104422.0,121435.7,145718.1,161965.6
Calimesa,187154.9,176972.2,177770.2,211657.5,255393.3,280979.2,303623.7,326253.2,358551.3,367603.5
Calipatria,86311.8,81371.7,85098.6,89557.9,102925.6,118720.7,134331.5,143481.5,157247.6,171119.4
Calistoga,561651.8,539212.6,516750.1,604026.4,663408.9,730054.9,792658.0,859619.7,920804.6,949915.7
Calpine,153050.1,155937.3,156266.8,160894.9,172239.3,181806.3,200688.7,223504.3,244975.9,258138.7
Camarillo,466651.0,445528.9,418423.0,473296.6,527934.6,552662.7,582479.1,611130.1,640100.9,645812.1
Cambria,472298.2,432502.4,442333.0,498553.8,541284.5,563694.0,578695.3,631255.7,667972.6,678392.1
Camino,256755.1,235582.3,222810.2,253089.4,284564.0,309798.2,336488.5,365226.7,388214.3,397603.3
Campbell,571489.5,537361.6,573385.8,706459.2,807943.9,949922.0,1008806.8,1039458.5,1298785.0,1280523.0
Campo,160534.2,145421.0,145719.5,163292.3,191809.3,220956.7,253478.3,285797.7,314003.3,323525.3
Camptonville,158115.1,154836.0,159742.1,176570.4,197214.1,222387.7,245536.5,255467.8,268977.7,275457.1
Canyon Lake,257618.6,251892.4,251816.5,296895.9,351951.0,372812.7,384356.5,402850.9,441630.6,454519.0
Capitola,508735.3,473276.2,478767.4,535174.6,597830.9,678073.5,736311.9,782371.4,851824.6,851472.1
Carlotta,363646.1,350235.5,313192.7,305982.0,321106.3,333672.8,374131.2,429523.0,459920.4,466312.2
Carlsbad,796814.4,755790.9,744668.0,778791.2,788419.3,752751.5,760751.4,807596.6,849708.0,864841.1
Carmel Valley,666323.3,614976.2,606194.2,685088.1,752453.9,809605.5,880326.3,919066.7,967143.9,1011528.6
Carmel-by-the-Sea,1009748.6,943602.3,918349.3,1015728.6,1113361.6,1178996.6,1262199.7,1319921.0,1393799.9,1427953.6
Carmichael,254739.5,226439.8,219849.7,268809.4,303772.5,321789.4,342252.3,366516.6,391856.9,406242.5
Carnelian Bay,488049.8,453283.7,426320.4,471636.4,516059.5,549227.4,587691.0,614284.9,646817.2,671218.1
Carpinteria,637176.9,577618.8,548246.6,632880.7,720410.1,790911.3,841015.6,863447.5,901312.3,901774.7
Carson,299226.6,285983.5,276573.6,316691.2,364105.9,388057.1,409828.1,454440.1,513525.8,544064.8
Caruthers,166639.1,141501.7,128631.3,142171.4,162004.1,177703.2,193687.0,209862.5,225905.8,242799.6
Castaic,366967.7,343503.2,326111.0,373129.3,427548.6,450732.7,471980.9,506647.3,548569.9,562407.1
Castro Valley,496862.5,457731.8,438747.7,528210.6,605080.0,670167.1,736101.0,779648.9,856054.5,850077.9
Castroville,274425.8,255302.8,243536.6,281329.0,336270.3,368457.4,413063.9,449391.1,481972.4,499734.9
Cathedral City,160940.1,148684.4,146279.2,175260.3,207658.9,226888.7,240688.8,253182.0,278223.4,297865.2
Catheys Valley,252990.4,235642.2,244242.0,256630.0,288135.0,315687.6,337551.9,369963.9,386260.6,403122.3
Cayucos,590139.1,543284.0,555278.6,608761.6,681670.3,736611.6,766830.5,854574.6,900808.8,894826.3
Cazadero,274582.3,243760.6,239838.7,288144.4,338735.9,398264.3,449161.1,479934.1,520388.1,514913.1
Ceres,136191.8,131109.6,127800.7,156543.8,196109.4,217687.6,239946.8,262048.4,286383.2,304188.9
Cerritos,545406.9,522813.8,505980.1,553011.4,595122.7,613563.5,626404.2,676667.2,736574.8,752144.9
Chester,153482.3,149730.7,160987.9,174626.9,186082.5,188565.6,202607.5,214871.9,232681.4,253603.7
Chico,254642.2,235534.1,229035.1,256952.0,277123.7,288151.5,303709.7,323394.2,343055.6,384476.0
Chino,309884.1,299989.6,285146.4,334949.8,393710.9,414230.6,429304.9,460508.7,503649.2,509986.3
Chino Hills,433515.7,428922.8,403619.4,456223.6,527993.1,550021.4,556761.6,605140.7,664377.2,666507.0
Chowchilla,109772.7,109061.4,110988.3,133880.8,163386.0,180525.3,197014.2,211196.6,236638.1,250707.6
Chualar,238642.7,237261.7,238741.1,287292.3,353014.6,404799.5,452288.6,478164.1,512721.2,545472.6
Chula Vista,320672.3,308685.5,309744.9,359970.5,410121.4,444913.1,480652.8,509799.7,535473.5,546003.7
Citrus Heights,171512.1,154532.6,151969.7,195640.1,231734.2,249217.4,274253.0,301015.0,329859.4,342055.4
Claremont,465299.0,439650.5,428057.7,482200.5,539867.2,565122.9,580286.6,624356.2,673205.1,690645.9
Clarksburg,498005.5,398079.7,362559.1,409012.2,441407.0,484012.5,513361.2,564160.5,596563.8,623163.4
Clearlake,58655.5,57730.1,59346.0,72187.6,87073.3,94763.5,110875.1,129744.8,148684.3,163685.4
Clearlake Oaks,100258.3,96343.5,95861.3,107701.5,123353.4,136917.7,153851.6,171602.0,191837.4,202225.6
Clio,318724.4,307215.1,313128.3,325438.0,351336.2,360467.8,377708.8,392622.1,422886.2,438902.7
Clipper Mills,143517.2,125144.9,110676.1,120415.8,132286.8,145017.5,159418.6,171584.1,190615.6,212742.0
Cloverdale,317915.5,299175.0,273519.6,312203.0,362825.5,398200.2,444885.6,489968.5,542495.4,545378.1
Clovis,234654.3,210791.5,212935.0,243393.8,268993.3,280025.9,295187.5,315051.2,340448.1,353301.2
Coachella,119829.7,110870.4,109655.5,132930.0,162212.7,185090.7,210141.4,228820.0,247988.7,258316.1
Coalinga,153062.1,126508.0,114922.2,126741.2,139831.5,152385.9,159951.3,170494.0,182131.9,192234.4
Coarsegold,175182.7,169151.2,170643.3,191303.6,215164.4,229755.5,237419.3,252416.1,283452.3,295688.0
Cobb,144982.5,133854.9,135690.7,155508.6,175457.3,192673.5,215396.9,230624.0,247356.9,269695.7
Coleville,166978.6,153442.3,149624.2,160529.0,178458.9,186394.6,211449.4,221203.2,237269.0,246390.2
Colfax,247967.0,215546.9,206562.9,233986.0,271103.9,301125.3,331046.3,362937.5,391325.1,398729.2
Colma,497396.7,460763.4,455842.2,555194.0,640448.2,733942.0,811698.9,869864.9,995105.6,1041416.2
Colton,123633.7,124838.4,122901.1,147300.3,187865.1,211291.0,225205.2,254284.8,294218.2,307828.1
Colusa,143639.2,137869.9,135206.2,145584.6,164099.5,184626.8,203074.3,218963.1,241698.4,262435.8
Commerce,249278.3,236851.7,231454.2,260514.4,306035.3,330817.2,350676.1,392719.6,444061.6,468996.2
Compton,177720.0,175108.1,175046.2,202219.3,241399.6,269784.4,291520.9,331642.4,383123.6,414478.0
Concord,258622.9,248203.5,264095.4,344163.1,411059.4,453312.8,497103.4,533239.3,577420.4,583685.2
Cool,248134.3,229766.4,210921.6,246322.4,291660.5,319795.8,349403.4,383028.9,404347.3,413520.3
Copperopolis,208684.5,203636.1,207018.3,238255.1,280719.2,306363.3,319503.1,338595.1,351530.3,368080.7
Corcoran,101179.3,86601.0,80738.3,87197.3,96181.8,108056.4,120679.2,137516.3,151992.6,163475.9
Corona,285522.4,281967.8,280542.6,330772.0,389252.9,410197.1,424993.1,445944.1,482374.3,492982.7
Coronado,1111408.7,1061945.9,1083312.4,1194174.9,1304799.6,1419210.7,1508631.2,1550099.1,1612902.8,1636131.6
Corte Madera,755210.1,718565.2,775935.7,936452.7,1041701.1,1143361.4,1230470.4,1287005.9,1381469.9,1368591.2
Costa Mesa,509202.8,483007.0,477031.6,561042.6,625640.8,654092.1,676583.1,742341.1,810414.7,811497.5
Cotati,350936.0,317107.6,294958.3,356134.9,417091.3,461385.0,505933.1,545976.5,600179.2,601572.0
Coto de Caza,810606.7,774344.5,751171.6,848312.3,940239.7,946505.8,959088.9,1018649.4,1082458.5,1076153.6
Cottonwood,163181.4,154285.7,154491.0,172848.2,196499.3,211421.8,223806.3,236007.1,255196.8,271058.7
Coulterville,147463.2,140246.9,141493.6,144096.0,164769.4,182885.5,203207.8,226445.5,242421.1,245755.7
Courtland,254843.9,229120.6,220187.8,278279.9,309879.8,341015.1,372328.1,406068.8,441951.7,453599.8
Covina,327213.3,309081.3,296900.6,342553.6,391880.6,415148.3,431076.4,471608.4,523012.5,537709.1
Crescent City,172387.9,162690.6,162450.0,167383.9,177018.5,185138.9,200622.0,219289.8,242294.7,251297.4
Crestline,142442.2,121399.0,106323.1,121172.6,144320.4,156427.1,169073.3,192076.8,226136.5,233626.1
Creston,524973.1,493828.1,485355.0,534113.9,581704.5,632894.4,654997.2,715280.1,760885.3,774983.3
Crows Landing,267787.1,255395.6,253491.3,299890.0,363826.3,437129.1,484825.9,536015.7,604162.9,644351.6
Cudahy,227972.2,215952.3,210978.9,242214.0,283485.3,307514.5,325571.5,366235.0,412990.0,440226.2
Culver City,510231.0,476990.5,459986.2,538523.3,616360.6,662599.7,691937.3,787405.2,958035.0,1026146.9
Cupertino,949824.2,923194.3,1014423.7,1239451.5,1453624.5,1726711.0,1768703.9,1783052.6,2181091.2,2156083.5
Cutler,80371.6,71242.4,75693.3,85315.3,98464.9,112054.5,121843.2,138392.3,151658.4,167082.5
Cypress,457300.9,432330.6,419963.1,471317.4,514844.5,540957.7,560723.5,612730.3,665921.2,673695.6
Daggett,44567.6,36396.1,34121.4,41804.4,51592.4,57148.4,60376.4,74045.2,100480.5,106705.9
Daly City,463131.7,427025.1,431795.6,535778.1,617922.8,712662.3,798827.5,856842.8,977421.5,1005839.0
Dana Point,609352.6,570528.5,565610.6,661653.9,744092.0,775935.4,796184.4,878130.8,955243.9,942638.5
Danville,740598.5,722438.6,752770.7,869654.3,985643.9,1084036.6,1143662.7,1186719.7,1263777.1,1285474.8
Davis,496166.5,467345.6,446995.8,484268.0,528333.0,561851.0,584942.8,631116.8,666483.0,688306.1
Del Mar,1253038.9,1328734.3,1414117.9,1603151.3,1797161.0,1991477.4,2161579.4,2259783.3,2358012.4,2358972.9
Del Monte Forest,1295330.4,1233753.3,1167604.8,1204338.5,1306034.2,1404415.8,1526910.9,1594892.1,1676123.2,1756846.9
Del Rey,145333.8,126950.5,128227.7,148688.0,173335.9,186492.9,207504.7,223648.6,240243.4,261837.8
Del Rey Oaks,432480.4,373253.5,356284.7,406574.7,464569.9,489763.5,529610.6,574264.9,612675.2,640799.3
Delano,113359.5,106338.9,110776.0,126227.2,141511.8,158634.4,175101.3,189159.0,204018.1,214694.7
Delhi,116701.1,110936.6,109474.9,130775.4,162755.8,183622.1,206391.4,229218.5,248188.3,267754.0
Denair,207419.6,192637.0,188034.3,219378.3,265006.2,297207.4,324375.4,347308.3,374661.1,392753.5
Descanso,291403.1,267944.5,257339.6,292000.9,319884.7,349896.3,382224.3,420836.5,446614.9,460570.9
Desert Hot Springs,94915.0,91294.7,92005.4,114105.3,138102.7,152294.0,167021.6,182471.4,208603.9,224421.7
Diamond Bar,476946.9,451821.5,442278.6,514385.8,585604.5,605769.3,607018.2,646618.5,693388.0,694152.4
Diamond Springs,220873.8,190249.6,176261.8,204701.5,238452.0,256891.4,279859.0,310003.2,334605.5,346151.5
Dillon Beach,569339.7,510025.8,519177.6,605373.8,665408.8,730863.7,798263.8,850181.5,894168.8,897272.3
Dinuba,144381.2,126916.5,121596.7,137402.4,157228.5,168348.3,178738.2,198732.0,217943.4,231168.9
Discovery Bay,301083.1,271462.5,311613.7,386328.8,452982.0,491846.0,528572.9,559717.0,594486.0,603712.5
Dixon,249684.2,230333.7,219884.4,271614.0,326204.0,353164.5,381046.8,409195.0,438210.6,454673.0
Dobbins,172431.1,167048.8,164435.3,177990.4,210423.1,235950.8,263858.5,288189.2,310644.1,321735.2
Dorris,48636.0,48077.5,49531.2,58549.7,64471.3,66945.2,72351.7,76423.0,80216.5,88576.3
Dos Palos,95838.5,89061.8,84560.4,98932.6,125898.6,144380.6,163053.5,185621.8,208112.6,228492.1
Douglas City,188801.3,196175.2,196844.9,213949.9,231200.8,241795.2,260781.6,286716.0,300351.8,295846.7
Downey,381950.9,361299.4,348759.1,390647.5,434946.2,460652.4,479412.9,522039.0,576480.7,597506.3
Downieville,145947.2,142898.7,141607.7,152434.8,168449.6,180167.2,183668.4,195757.3,217908.7,235786.6
Doyle,77425.5,75464.3,76907.4,75729.9,71546.2,80024.7,92867.0,110501.4,132772.1,138957.7
Duarte,352392.0,328063.3,315163.8,363798.9,413849.7,436405.1,451462.0,485995.8,534258.0,550633.2
Dublin,585684.6,549629.1,534311.4,634260.2,747552.9,828777.3,899540.2,938801.9,1008303.4,984413.7
Dunlap,200116.1,176977.7,165175.6,180121.0,194836.6,221447.7,241007.3,258681.3,269687.5,277223.7
Dunsmuir,105630.5,101034.0,100053.0,110263.2,117827.6,123473.7,131341.4,139115.7,152832.8,173502.0
Durham,307665.7,281199.1,274916.2,300522.0,332945.1,356398.9,384352.7,411238.5,439191.1,490520.7
Dutch Flat,186883.5,149904.0,143192.5,165596.3,188538.4,211523.7,229288.4,252306.4,274256.9,284434.7
Earp,171700.4,151448.8,123730.8,121645.9,133634.3,141997.4,140358.5,152973.3,175107.3,166033.3
East Los Angeles,226769.6,214247.9,209218.3,243571.7,290639.0,319533.7,338453.5,381229.6,439887.6,468923.8
East Palo Alto,291107.8,269367.1,293979.1,394908.2,493778.9,599651.0,722853.9,810762.7,991118.5,993067.9
Eastvale,373672.1,363826.2,356111.3,417832.8,484182.2,502073.3,515342.4,540741.2,590227.4,599277.7
Edwards,52585.4,43244.2,38335.0,44339.4,55230.6,56681.0,52405.7,65219.2,80128.4,94657.7
El Cajon,334617.0,311995.5,311426.6,356823.1,399327.3,427277.6,461535.4,493438.0,520706.3,531501.7
El Centro,131994.9,125269.0,134695.8,148529.1,168207.5,182664.2,198753.7,212295.8,224698.3,241274.6
El Dorado,301705.6,269002.4,252234.9,288790.6,326455.8,354229.3,390335.7,422913.2,453746.2,464523.9
El Dorado Hills,437670.7,417963.2,409205.4,471945.6,521709.7,543206.1,570693.6,599598.1,632391.3,661513.5
El Monte,321057.4,303357.4,289265.5,336136.7,382841.1,402090.9,411833.9,453912.7,512909.8,528168.2
El Segundo,679394.3,648612.9,635954.2,724731.4,790042.8,834028.7,871307.0,962548.7,1128550.3,1169974.8
Elk Grove,231942.8,218129.5,216158.8,272007.9,317502.9,338873.9,366455.4,397682.0,433326.4,443739.2
Elverta,174176.1,156358.2,151132.9,190768.4,231883.0,257210.5,286360.4,320119.6,347693.3,362231.6
Emerald Lake Hills,1171208.7,1110704.2,1146633.3,1360715.5,1576295.7,1789579.5,1946435.2,2021369.7,2224232.5,2195188.1
Emeryville,302749.9,255495.2,240891.5,297056.6,362697.7,416361.2,481954.2,519083.8,561446.0,577114.8
Encinitas,684637.6,646374.6,653111.8,739384.6,834948.6,901727.6,970448.4,1036099.4,1091882.0,1119161.5
Escalon,229309.4,204969.9,202459.4,238554.1,287465.3,316935.2,348001.2,379185.9,409087.9,423382.9
Escondido,320736.8,308874.7,305591.4,358402.7,408273.2,437048.3,470560.8,502939.7,528855.1,541217.3
Esparto,177470.2,167866.7,157045.9,180236.9,213904.1,235247.0,262453.2,293453.3,322974.0,338379.2
Etna,148450.5,142559.2,140917.8,147558.1,162889.7,169304.3,180361.4,186578.0,196338.7,210793.7
Eureka,280648.9,271933.5,250825.4,254921.9,263718.9,271658.2,291005.6,315049.8,332728.3,350557.6
Exeter,165319.2,147212.3,145263.5,163658.9,180445.4,190212.8,202739.1,222569.4,237609.2,249496.7
Fair Oaks,287122.0,257455.1,251297.7,300511.9,341735.5,363055.2,387068.6,414993.7,444911.1,459785.7
Fairfax,580061.9,532667.5,542153.1,653082.9,727413.9,812294.8,873233.5,925774.1,989421.8,991463.5
Fairfield,223137.9,211409.6,204555.3,253802.8,316326.3,346999.2,380379.0,413915.1,450093.0,462596.5
Fallbrook,379116.3,356340.9,353797.0,408468.1,457850.9,484708.5,512713.6,545957.7,580138.3,583407.0
Farmersville,97840.9,84315.5,79594.6,93053.8,109232.8,119305.8,128523.0,144743.3,158874.0,170003.2
Fawnskin,238427.1,213911.7,194738.1,208087.7,229947.1,236628.8,248861.9,270816.8,298634.5,303467.8
Felton,365236.0,345568.2,330191.0,378093.5,426698.2,488778.3,542713.8,593159.2,639639.0,648441.3
Ferndale,394190.0,378065.7,349206.4,352947.0,372605.8,386104.4,419597.6,463744.0,486471.2,490539.1
Fiddletown,200730.4,188933.5,187180.1,214747.3,249937.4,278942.5,317886.9,349045.1,376342.7,387089.9
Fillmore,291878.3,274474.1,256132.2,294647.7,343930.5,374597.5,403780.9,430936.5,457548.6,471625.2
Firebaugh,103897.9,93420.4,98013.1,113883.0,130287.6,144158.4,161087.3,176916.8,194782.2,206018.2
Florence-Graham,156202.6,155354.7,155543.9,181290.6,221232.5,249614.5,270441.3,309142.9,364523.5,399044.2
Florin,112704.4,106499.3,103847.1,138193.2,169500.8,186488.7,216405.1,240318.5,265101.7,276600.3
Folsom,358726.0,329756.4,325892.8,387007.2,429174.9,451593.3,480455.2,512467.2,545641.0,564589.4
Fontana,210109.8,207703.8,203937.2,243635.8,296999.8,318234.0,336306.8,360415.5,392771.3,407569.1
Forbestown,147680.3,138670.7,129915.0,140718.5,155309.4,175234.1,193332.5,207074.3,224499.1,237645.8
Forest Falls,139019.4,127858.8,117600.3,136594.4,162641.8,174807.1,184926.0,211856.1,242798.3,255928.6
Forest Ranch,228886.7,206115.6,200492.9,221152.6,239026.7,254840.5,268898.1,286951.0,302217.2,328315.8
Foresthill,254113.4,230721.1,210471.9,242967.1,278431.9,302823.6,332811.0,365588.9,393300.9,399986.3
Forestville,286813.5,252353.8,244585.6,294202.3,357833.0,403860.9,447149.9,483386.5,524978.2,518261.8
Fort Bragg,308111.8,306268.5,292550.8,313718.1,346433.2,365599.3,394937.8,433495.0,467057.7,491165.6
Fort Jones,150570.4,144282.5,143713.8,150101.8,156188.3,165217.2,177339.0,188004.6,199839.9,210394.2
Fortuna,287997.8,280625.8,256667.4,259119.1,266648.4,272482.6,295532.9,323913.2,339755.6,358569.1
Foster City,734325.8,695305.7,723780.3,866533.4,1005988.8,1186815.4,1304028.4,1365253.2,1558905.4,1503842.0
Fountain Valley,536672.6,509091.0,496529.7,558275.7,606946.8,631432.7,657592.9,717351.4,782076.1,794060.3
Fowler,199570.4,182749.2,182199.6,199276.9,213895.0,230271.4,249774.7,269853.7,287080.3,297653.8
Frazier Park,129659.6,104851.6,95404.0,109989.9,128821.0,139896.1,153317.1,169588.6,190429.6,204588.2
Freedom,241320.6,240048.9,247412.1,297723.6,357308.3,405459.6,442188.2,471384.0,511909.7,527601.2
Fremont,571789.1,534120.9,513293.7,616055.7,716879.8,824034.2,912627.5,968366.9,1122070.3,1104550.7
French Camp,125999.5,118608.2,122123.4,154689.5,192079.6,227859.9,263153.1,296658.3,333098.4,364688.8
Fresno,150796.0,133361.7,133233.9,155153.5,176520.5,187288.5,201227.1,217917.6,240210.7,254347.9
Friant,327598.7,307734.1,311319.1,335264.3,360316.7,382857.6,398019.8,410022.4,433527.6,443673.7
Fullerton,450221.5,422052.0,412381.7,475307.5,526400.5,547462.8,566325.0,615354.9,662273.6,664674.9
Fulton,446897.3,406610.3,391525.2,441981.9,517416.4,560123.7,619316.8,682366.6,742215.6,756336.5
Galt,187785.7,173128.0,167622.0,214312.7,260404.2,286808.2,315854.9,346955.4,378232.5,392093.2
Garberville,359129.1,357391.3,360977.3,351853.4,370121.8,399948.5,442989.5,486775.7,512829.0,530481.0
Garden Acres,73494.7,67750.2,67554.7,87497.9,112527.8,132142.3,155093.5,184497.6,215299.2,236485.6
Garden Grove,358289.8,340865.9,337865.4,394771.2,437944.5,461000.2,482917.2,537281.6,596183.6,609748.7
Garden Valley,231634.5,213312.9,196154.9,220189.1,260913.2,288012.6,315456.0,348350.6,370561.7,376467.6
Gardena,311479.4,290672.9,279865.8,318529.4,360806.8,383784.0,403621.4,453243.0,520468.3,555414.6
Georgetown,212495.8,191211.7,178072.4,199777.7,232235.7,252159.9,279176.5,308277.2,325287.8,333673.8
Geyserville,629018.4,578933.5,557669.5,638275.7,747949.4,831163.3,923184.8,975043.6,1073613.6,1089859.7
Gilroy,379519.2,353223.3,370631.5,473428.0,553005.5,607360.4,656138.7,679416.7,776108.1,784550.0
Glen Ellen,584438.2,547475.2,571472.4,659892.7,766816.4,886215.5,963759.4,988655.6,1065439.3,1058646.6
Glendale,490846.5,461407.6,447449.5,505553.2,565809.9,597011.6,620822.6,683778.2,777493.1,812422.1
Glendora,420577.6,394247.0,385121.0,435986.5,491539.4,520454.8,532400.5,571438.5,620066.8,625999.7
Goleta,587089.1,528410.5,502551.4,599943.3,687593.4,727555.7,772433.6,801505.1,820776.8,828421.6
Gonzales,187798.5,181810.9,175364.1,206796.8,254715.9,293579.1,334969.9,364691.1,389202.0,410828.4
Graeagle,190038.1,186060.3,190801.4,195231.8,214127.8,223211.0,233281.2,254783.7,280661.7,298020.9
Grand Terrace,220271.7,207853.7,194689.3,226336.0,266979.6,285779.9,300080.7,331212.2,370154.3,373129.3
Granite Bay,517855.3,482120.4,495814.0,574405.0,625727.1,650927.9,679072.5,718251.0,759574.1,789467.9
Grass Valley,277294.4,246211.9,232061.1,262626.0,300122.5,324657.6,349589.5,376553.7,407732.5,413216.3
Graton,407536.3,372097.7,351163.3,400556.2,465788.8,511711.1,566115.2,608512.2,665495.9,665492.7
Green Valley,150848.2,142028.0,147878.3,170168.6,201056.2,214175.6,227603.2,259030.5,295093.8,316181.4
Green Valley Lake,137688.1,121174.8,105969.0,121733.8,135020.0,144657.8,153636.6,169932.3,196671.7,207505.0
Greenfield,129847.9,123127.8,125280.2,153712.7,193457.7,226499.5,263100.6,288560.3,315979.5,336487.6
Greenville,121199.0,118583.0,119612.7,124484.9,135315.6,141640.8,157622.1,168823.5,189373.9,204651.3
Greenwood,222822.0,206718.4,200857.6,233279.3,272196.2,299898.7,337172.2,370478.7,387142.8,391024.3
Gridley,149278.2,137706.4,125556.4,141259.0,160235.2,174599.8,191674.2,209079.1,229427.6,253734.6
Grover Beach,305674.6,277772.8,283795.2,336041.5,378621.4,405919.5,433370.4,483344.5,513168.3,520876.1
Guadalupe,177427.1,159818.2,148373.3,179371.5,220607.1,259015.9,294528.9,308842.3,330603.2,345329.8
Gualala,387324.4,374732.6,362079.6,382731.0,415213.8,439077.0,446153.6,490849.6,526759.4,539034.8
Guerneville,248074.0,214032.8,210133.2,257644.2,313694.7,347454.0,395121.5,427589.8,471837.3,465440.6
Gustine,120101.1,112684.9,109365.7,132214.7,165308.8,185368.6,207520.8,233966.2,255805.7,280182.7
Hacienda Heights,403309.1,385987.9,378045.6,432843.9,485490.8,506657.5,514964.8,560098.0,611748.4,631055.8
Half Moon Bay,681300.2,630143.3,632748.8,735367.5,821425.2,929266.9,1042823.9,1102929.4,1212927.5,1189693.4
Hamilton City,77813.0,79062.4,88200.0,100404.3,116482.8,131833.5,147697.5,160931.7,177235.4,195538.6
Hanford,185198.3,162281.4,152387.7,160417.3,173612.2,184000.0,197753.0,216204.2,230845.9,242546.4
Happy Camp,75658.4,72612.6,73042.0,78387.6,79672.7,86380.3,99053.6,100857.0,111329.0,119305.8
Hawaiian Gardens,190336.2,178104.9,173995.5,210690.6,252689.5,276707.9,294641.8,329487.4,381461.1,406163.0
Hawthorne,362841.5,347890.4,333951.2,381638.7,429863.3,456237.4,483505.8,539481.6,624995.4,665409.0
Hayfork,126013.3,124974.5,128439.2,145179.2,155695.2,173381.3,199152.2,230833.7,237468.5,226699.0
Hayward,300951.4,279969.9,269882.8,346671.4,425798.9,480653.0,542211.2,590918.3,670140.5,674787.9
Healdsburg,565482.9,518557.7,494972.6,565601.4,650378.5,730615.7,823049.1,863901.8,932837.3,935581.7
Heber,130643.9,124323.1,133726.1,147584.2,168643.9,185225.0,200717.7,211286.5,224888.9,242187.8
Helendale,132990.2,129493.0,125635.9,142596.6,168025.1,178815.4,188985.5,206818.4,229468.0,233108.9
Hemet,119898.8,116792.4,119780.5,148490.6,177183.9,192955.9,210202.4,230729.1,261256.8,272386.4
Herald,310429.2,269852.6,272042.2,329718.5,375261.8,415121.6,457920.9,506065.6,548739.2,566829.6
Herlong,50445.4,46728.0,45071.6,46733.8,38790.1,47739.4,60950.8,72174.4,85792.8,89511.3
Hermosa Beach,917207.8,884452.0,887001.5,1007903.9,1136109.4,1223863.8,1256636.9,1386469.5,1604620.8,1657989.8
Hesperia,119734.5,116937.9,115153.7,142339.6,176559.7,193912.2,210429.0,236755.2,268819.7,276350.3
Hickman,244901.9,226651.3,220930.0,258466.5,315296.2,352733.2,383179.0,409148.8,441106.5,459445.3
Hidden Hills,1751626.9,1684768.6,1669990.0,1831770.4,2069709.9,2167973.8,2151004.4,2453937.0,3038701.2,3313107.7
Hidden Valley Lake,146315.8,142112.6,145993.2,175643.4,205624.5,227562.9,254571.1,278900.3,306536.9,323106.2
Highland,187129.3,176989.3,170965.8,202397.1,239621.4,260630.4,274971.4,300495.1,334471.5,345727.3
Hillsborough,2083872.1,2038688.6,2438245.8,2949226.8,3339394.5,3741167.7,3938476.6,3997646.6,4285680.9,4206363.5
Hilmar,201827.5,189514.0,173910.3,198041.8,237571.0,263467.8,286452.8,307024.0,324766.8,344546.7
Hinkley,59553.0,48804.8,59337.8,101781.4,128815.2,132844.6,131217.2,154119.3,187950.3,167521.9
Hollister,323151.6,305552.8,297796.0,360678.1,427797.1,469033.4,526129.1,557471.0,581787.9,596704.3
Holtville,137353.7,127618.9,131413.5,134895.7,160353.2,182557.5,200706.3,216391.5,224577.4,241799.8
Homeland,137981.6,130413.7,131511.1,152213.9,179172.5,208616.8,232517.5,254383.5,294234.7,305846.9
Homewood,573976.5,532368.7,538438.8,574781.8,627374.7,677267.3,693270.6,712487.6,759018.7,786694.0
Hornbrook,92173.2,88742.0,88928.3,96552.1,100706.6,107835.2,120500.8,132873.2,142184.1,152807.8
Hughson,203619.7,193479.6,186051.1,221697.0,268228.9,293587.7,315642.0,336925.6,362544.9,376150.4
Huntington Beach,569740.6,534050.2,526544.2,595404.1,651385.7,673390.5,695006.4,757085.5,819191.3,824728.8
Huntington Park,218575.0,209690.5,206488.4,236153.4,277674.9,304599.6,327854.1,366616.0,415950.0,440400.3
Huron,122325.9,104381.3,95587.7,101337.7,116712.2,128706.9,137754.0,152566.0,169130.0,177144.4
Idyllwild,217412.6,193579.8,184129.1,201469.6,220200.2,232505.4,243262.0,271799.9,314777.4,327335.6
Imperial,146370.8,139303.7,146117.8,159142.8,176702.4,192828.0,208089.2,222720.8,236083.9,246604.5
Imperial Beach,277693.1,277022.9,280057.9,332391.0,386674.2,427084.6,483887.2,546333.2,603281.6,619516.6
Indian Wells,630118.1,614607.7,616829.1,680215.2,732825.7,738902.3,720567.8,721715.8,768876.4,793823.9
Indio,187699.1,177249.8,174511.4,206143.6,243332.1,260877.2,271769.2,284629.1,305165.0,319369.3
Inglewood,245540.2,231644.3,225825.2,261539.7,309521.9,335707.6,357999.9,408433.6,495556.8,550059.6
Inverness,731724.0,658074.0,648762.1,759402.8,843120.2,925432.4,1018407.5,1082915.3,1143171.7,1136145.2
Inyokern,123595.1,112858.0,118286.8,135190.9,143402.0,152335.3,160994.7,174050.2,192946.5,198431.4
Ione,173556.5,164245.6,168564.6,194516.0,231345.8,253299.9,282879.0,311500.6,337006.0,346156.7
Irvine,607857.1,576449.3,565126.7,656704.5,743347.9,761797.3,772520.0,828844.5,895995.3,892666.9
Irwindale,232346.5,220139.8,214992.1,259390.9,313995.3,342240.0,368261.5,434541.3,488570.3,504340.3
Isla Vista,751712.2,672038.1,615190.7,692307.2,792760.3,836458.6,881101.7,913441.0,946405.8,928342.8
Isleton,195517.5,160127.7,152335.6,184348.1,210355.0,233035.7,263593.3,281246.1,302907.9,313258.9
Ivanhoe,81017.8,69996.8,64222.6,74504.6,88370.3,96234.8,100105.1,117653.4,131676.5,144704.1
Jackson,200195.4,190558.2,193695.6,216220.3,246830.8,270192.6,295410.4,318665.0,342036.7,350652.6
Jacumba,81866.7,73934.8,83707.8,100748.1,117255.8,140575.2,158744.0,179965.3,197314.3,197310.1
Jamul,460611.9,429421.5,414505.9,473929.4,524448.1,555200.1,597799.0,633395.7,673047.5,660041.5
Janesville,154328.8,154593.9,162997.7,171404.2,175112.0,186505.7,203975.2,222264.6,242908.0,253836.9
Jenner,538774.1,473667.6,459517.9,517573.9,581217.5,648461.2,677860.3,684596.9,722734.5,701124.9
Joshua Tree,95159.8,84198.2,78125.4,88229.3,101892.3,111432.5,121743.8,144700.8,187725.5,202309.4
Julian,253282.8,226240.3,220262.6,256968.3,292422.8,311413.9,335872.3,362909.0,388325.3,393395.8
Jurupa Valley,199594.9,196367.3,197016.9,235499.5,286844.6,317046.7,341423.1,365228.5,403423.5,418042.9
Keene,306503.7,299254.6,308051.5,351519.4,376340.6,384353.1,388424.1,390785.0,408071.2,427234.2
Kelseyville,155551.9,145987.2,147299.8,169750.7,192210.0,211096.1,235392.1,260151.2,284744.0,297520.8
Kennedy,73829.7,68439.0,66559.5,81119.6,107261.5,124254.2,149588.6,176714.5,211307.3,232711.2
Kentfield,1228134.8,1177481.3,1247344.8,1459761.9,1621078.8,1818858.7,1944324.2,1980991.4,2091240.1,2073889.1
Kenwood,595318.6,542731.1,556573.2,650606.4,750896.6,861753.8,949717.2,994715.2,1078632.8,1084351.2
Kerman,153979.2,144046.9,146126.5,162096.2,183396.2,201992.3,220534.2,237236.8,254756.3,266931.0
Kernville,195948.7,190218.2,189290.2,195907.5,203358.1,202343.1,213757.0,219301.6,234129.0,241460.1
Keyes,99766.0,92773.5,89981.6,114959.8,149409.0,177064.1,204286.2,224517.5,244479.5,264341.6
King City,142192.7,133485.9,135234.0,163350.7,207135.8,238995.5,263958.2,284299.8,302284.4,320663.6
Kings Beach,388163.3,335872.8,322488.1,359994.2,403707.9,441515.6,474992.4,505267.8,542563.9,572958.5
Kingsburg,212394.3,187304.8,188673.6,211309.0,234833.5,251119.9,267584.7,284665.0,300277.6,313252.0
Kirkwood,351111.0,343537.9,349093.2,381897.8,403882.9,407200.5,418926.0,425892.5,446547.4,450469.1
Klamath River,120266.6,119344.6,119095.5,127591.8,135024.4,145454.6,161064.6,168177.3,181523.1,188630.9
La Canada Flintridge,1074303.1,1032033.0,1012295.6,1123594.7,1249732.1,1307624.2,1308422.4,1439056.2,1607983.4,1653398.9
La Crescenta-Montrose,590212.9,549318.3,529604.2,594526.1,669330.8,706639.3,723378.0,791112.1,889347.2,915704.1
La Grange,163038.5,156118.9,150305.2,159039.1,186821.4,209034.4,237266.3,263080.9,283647.5,294199.4
La Habra,343269.8,325985.9,319187.4,369756.9,417349.4,443020.0,465479.3,516506.8,564457.0,570336.8
La Habra Heights,667480.8,629516.0,634876.4,711182.5,781987.1,807031.2,796540.7,842629.8,924940.4,941654.1
La Honda,504365.6,447132.1,435364.3,526460.5,608554.9,692960.8,758475.5,816803.8,918278.8,895273.2
La Mesa,359158.4,335441.8,339519.5,397012.4,438429.7,467457.9,500758.0,537142.8,568201.2,573251.7
La Mirada,384409.4,363479.3,350163.5,401770.6,443907.4,464601.3,484808.7,527535.6,583929.9,600411.0
La Palma,500370.3,467563.8,456935.1,510216.8,556353.3,577585.2,598898.7,657498.3,713847.5,727103.1
La Puente,245985.9,236119.9,229496.3,270075.3,317702.4,341852.3,359079.7,397174.8,444847.3,467460.9
La Quinta,343194.7,319886.7,314784.2,352568.2,391740.7,408495.8,407219.7,411546.5,437994.9,453741.3
La Riviera,185200.4,163005.4,152053.1,192082.6,224897.9,240719.9,266171.1,292899.2,322945.4,337442.6
La Verne,434795.0,413497.4,393567.8,441879.5,497761.9,528743.7,544859.4,587411.0,638293.5,647818.0
Ladera Heights,598609.2,565913.3,550578.4,616371.8,690182.4,728915.5,762350.0,852773.4,1004407.1,1094664.5
Ladera Ranch,568172.3,534592.3,517603.6,612204.5,700310.9,708917.5,722403.6,754929.0,805506.4,810641.0
Lafayette,880068.1,830815.2,851468.4,988617.6,1125695.4,1236949.5,1304812.8,1350762.8,1413367.1,1436034.4
Laguna Beach,1259333.9,1177705.7,1153799.6,1334667.9,1516674.6,1587510.3,1552534.0,1718617.9,1916294.9,1872107.4
Laguna Hills,472550.5,443823.5,434187.0,513443.4,578011.5,598109.2,616774.6,667374.4,717269.2,717847.5
Laguna Niguel,551023.4,522778.5,515168.7,596291.1,668361.5,687682.0,708963.2,769488.0,825189.4,816549.0
Lagunitas,467038.2,433470.9,423803.8,508391.2,556703.3,633318.8,696599.0,745649.5,807899.9,793700.9
Lake Arrowhead,268204.9,245787.2,224411.3,241140.1,271393.9,286991.5,295362.0,319934.7,359610.1,364506.8
Lake Elsinore,170997.0,169571.2,171160.6,209156.8,257817.0,280244.0,303015.3,326476.9,355052.1,364809.4
Lake Forest,455295.9,431234.4,417647.0,500476.7,560043.0,581757.9,605815.3,664562.5,714729.2,712609.7
Lake Hughes,135127.8,125820.9,128593.0,158038.8,185268.2,196803.3,212844.9,247445.2,288494.7,305053.1
Lake Isabella,107294.1,96048.8,102702.3,107707.0,111893.9,113788.9,122377.4,129010.7,140681.9,149169.8
Lakeport,170751.5,159190.6,159373.7,179311.5,204202.9,221640.2,244710.7,270150.6,297442.2,310177.2
Lakeside,328804.0,301921.1,303034.7,351068.5,396159.5,425660.3,459897.9,490995.1,512469.0,524928.9
Lakewood,389600.0,362087.6,347226.0,393643.1,436102.2,456703.4,478191.0,521712.6,575456.9,592814.1
Lamont,70308.2,60214.1,60635.8,74225.6,91807.4,101164.1,111124.8,118830.4,129747.6,141593.1
Lancaster,134834.8,128890.7,125600.0,154615.5,187020.4,199222.6,217240.1,244164.0,280577.0,299482.4
Landers,62495.0,51874.4,49906.8,57367.9,60045.1,67097.3,75530.2,91972.7,122345.1,140684.1
Larkspur,920425.8,856780.6,903235.0,1077212.0,1218301.0,1354400.7,1440912.6,1513764.4,1645156.1,1659618.7
Lathrop,187287.4,179134.7,181807.1,230696.9,297513.8,325238.7,360667.6,399233.7,433212.2,448439.3
Laton,198150.7,164423.3,143472.5,149353.7,165559.5,181680.7,204159.6,224311.7,243587.4,258111.2
Lawndale,296546.9,279665.6,273092.7,318320.1,368382.9,395483.7,412813.6,455806.6,525130.0,560075.0
Le Grand,101850.0,91469.2,88652.8,102403.6,126760.9,141112.6,158216.4,177408.2,193021.1,212918.9
Lebec,184100.0,154396.7,151610.9,163329.0,181434.6,188686.0,203434.9,220195.9,243566.8,256385.4
Lemon Grove,249559.7,240760.2,240134.2,287797.8,334093.3,368718.9,402876.4,434902.7,463189.0,485416.6
Lemoore,206580.6,181636.7,169824.2,176295.3,190539.7,201211.5,214899.1,234597.3,247228.7,256893.1
Lewiston,173680.8,176852.9,177553.0,187881.8,202515.5,209145.8,221811.5,243786.7,255619.3,254336.0
Lexington Hills,535003.9,497402.6,520218.9,629273.4,717907.1,798187.5,834685.2,869961.0,1036381.6,1031557.2
Lincoln,288056.6,270219.9,267183.7,326580.4,371751.1,390050.0,413214.6,442103.2,467977.0,483989.2
Lincoln Village,135532.9,123150.3,123469.7,147508.7,180322.7,205395.5,234495.2,260614.2,286127.1,301800.2
Linden,324346.8,293684.8,278240.6,321765.0,367149.3,398949.9,426033.4,458006.4,501759.3,531582.4
Lindsay,117930.8,104079.1,101476.8,111358.4,125548.0,136222.4,149892.2,169088.2,181278.7,192437.1
Littlerock,127808.0,117301.0,114756.1,134734.0,165321.2,185798.3,205795.5,231505.8,269749.6,298199.3
Live Oak,110940.5,107528.3,109030.1,130259.0,162067.7,177408.2,195403.5,219858.7,242476.7,257888.6
Livermore,464194.2,432604.6,423053.4,513963.8,606189.7,676348.5,724879.9,758358.9,824719.9,817998.2
Livingston,125796.6,123200.3,122326.5,147407.6,179403.9,198709.7,220618.2,242042.1,259536.5,278908.6
Llano,148355.9,133280.5,126487.5,142237.2,171318.8,180545.6,190744.9,216663.3,251944.7,279351.7
Lockeford,193428.4,173702.9,164508.5,204355.4,246237.7,275114.1,300931.9,328092.5,355344.5,367963.0
Lodi,209915.2,189604.5,182804.1,223037.8,263678.0,282742.5,307460.9,335403.2,361900.0,377275.1
Loma Linda,260751.3,242988.2,225821.6,259166.1,303143.3,320672.4,334212.7,373094.7,417729.2,425169.1
Lomita,432328.3,413946.4,396686.5,447277.7,490669.4,506254.8,524448.5,568916.4,633616.0,655384.9
Lompoc,227276.2,204415.7,190749.6,219415.5,254196.7,276645.3,309646.2,333630.2,350638.1,363063.7
Long Beach,356474.0,333521.2,323794.4,372944.5,417482.3,438942.0,459342.3,499437.2,557975.6,583055.8
Loomis,363835.5,335831.4,334625.7,393116.3,438731.0,481649.4,520095.7,559854.1,608605.4,632211.8
Los Alamitos,653560.7,629192.2,628916.9,708035.2,764204.4,791595.7,810738.5,880964.1,957316.6,965315.1
Los Alamos,375218.8,332057.1,304449.5,345664.6,414678.8,461916.3,508097.9,538148.6,564746.2,576889.4
Los Altos,1457021.4,1424383.5,1615106.6,1942727.1,2237057.5,2637896.6,2678917.3,2678633.5,3215154.5,3248720.8
Los Altos Hills,2483721.0,2383850.2,2574193.7,3011494.4,3393289.5,3910139.2,3888328.7,3741393.9,4333697.6,4474448.5
Los Angeles,401529.2,377545.1,367876.1,429566.0,488175.3,516751.5,537771.0,585356.5,663206.9,691620.2
Los Banos,127731.2,129819.3,128202.4,157004.4,203923.7,226250.7,251063.4,275586.8,300477.8,325268.5
Los Gatos,911021.9,873684.7,953721.3,1139733.5,1273108.7,1437495.2,1489173.3,1505340.4,1784708.0,1788308.2
Los Olivos,683688.5,660952.2,606912.3,700594.8,779635.9,863647.9,931697.8,945451.2,982198.8,988736.4
Los Osos,351430.2,320588.3,327172.2,376328.5,422226.0,454502.7,487179.3,546790.1,579381.2,594442.0
Lotus,372317.1,336386.4,309988.9,330804.9,370529.0,395432.1,426763.9,470928.9,494509.9,511699.0
Lower Lake,164489.5,159977.7,162205.5,187556.7,214154.7,235677.3,268557.2,294721.8,318721.2,332933.0
Loyalton,90203.5,91149.1,90569.5,98576.3,106565.3,114953.6,131426.2,150210.0,180338.9,194977.1
Lucerne,87394.7,83803.8,83704.6,97994.1,116289.7,130281.8,144339.7,160893.0,178640.0,196147.6
Lucerne Valley,78454.4,70190.0,62011.7,71838.1,86714.4,99530.9,106071.4,127847.1,165939.8,171617.2
Lynwood,213235.1,210214.0,212337.7,245509.0,288344.8,315371.7,334872.1,374295.5,423137.3,452358.5
Lytle Creek,132676.2,124424.5,115776.0,130854.0,144854.9,157626.9,173499.3,206134.4,247460.7,261571.1
Macdoel,54945.4,53443.6,54033.6,57555.7,61400.4,70385.8,77083.4,77894.5,85295.5,91337.6
Madera,125005.7,122972.9,124920.3,149462.6,175394.9,189002.3,201805.2,218939.7,244659.7,259304.1
Magalia,160584.2,144555.2,137873.0,154793.5,171808.2,179406.0,193337.3,211177.4,233029.4,256595.5
Malibu,1195878.1,1163234.7,1153951.1,1280367.5,1441262.5,1520909.5,1496487.0,1761076.4,2272297.4,2461476.2
Mammoth Lakes,362979.2,362034.5,336478.7,332236.5,361029.3,369248.3,384123.2,405898.6,471617.0,511082.8
Manhattan Beach,1186857.7,1146250.5,1145947.3,1327422.3,1537743.7,1675019.6,1698085.0,1873759.6,2191017.4,2278875.1
Manteca,191267.7,179150.1,181426.5,229890.0,289752.3,314373.1,345582.7,375518.9,407382.9,423556.7
Maricopa,70208.1,61482.4,51183.7,58754.8,69583.1,84563.2,95894.1,102539.3,121219.1,125471.8
Marina,378854.9,345434.1,327513.6,375075.4,441380.7,468680.5,507727.7,548217.0,585238.2,612667.8
Mariposa,192863.5,178490.6,182064.0,194471.2,218825.2,233701.3,253754.5,269136.0,284897.7,294636.3
Markleeville,282013.2,258386.4,260722.2,271348.2,302298.1,308725.3,329093.7,340309.7,358014.8,375830.2
Martinez,316845.0,292211.6,294058.5,363343.9,429875.6,477537.0,528262.6,566445.5,605239.6,608897.1
Marysville,124007.7,118270.7,118097.5,138753.9,169711.1,183695.4,202784.3,225440.7,248327.5,265313.3
Mather,222519.5,203819.3,200121.4,245645.1,289937.3,308027.7,332582.7,361049.1,393234.3,404796.3
Maywood,208109.5,194059.6,195769.5,229170.9,277252.5,309267.4,325918.9,364202.8,413011.9,435303.7
Mc Farland,104336.9,94645.1,93216.1,108136.4,129214.5,145315.7,156001.5,167143.8,182091.9,191451.0
McArthur,148297.8,143561.5,143271.5,154213.4,163787.4,173957.5,186286.3,203543.5,218133.9,223023.3
McCloud,137855.0,134277.6,129453.3,131660.6,142781.9,154727.4,167250.1,178801.3,201102.5,216597.6
McKinleyville,348046.5,338192.4,304936.1,302979.5,317471.4,325844.8,348129.8,373955.7,388442.8,407324.0
Meadow Vista,310861.7,287238.6,284057.4,325460.2,368244.4,403492.9,438181.9,472406.2,505832.1,522671.6
Mecca,76622.5,66826.4,66539.6,78154.9,96942.1,119220.5,129736.7,147321.8,169324.7,188754.2
Mendocino,580699.4,591739.6,573973.1,608353.0,650797.0,680894.7,730213.6,774100.8,832550.4,866550.2
Mendota,106367.0,88600.9,85843.9,100901.3,120753.0,135977.4,150549.8,165322.2,182481.8,193477.0
Menifee,178673.8,175553.7,175906.5,213131.6,263560.6,286774.3,308290.1,333310.0,364522.9,373358.2
Menlo Park,936486.6,970680.4,1117111.9,1383719.6,1643332.3,1917635.1,2056627.4,2111360.4,2379278.4,2384228.6
Mentone,170781.4,157766.4,144000.9,166894.5,201728.8,220702.1,237029.6,270311.7,306891.4,317400.5
Merced,123133.7,122644.2,121650.3,145145.8,172334.1,185058.4,197320.7,217658.3,241612.9,259983.5
Meridian,152301.8,140824.8,141936.8,162729.0,200563.8,225446.2,243837.0,266227.0,288875.2,304130.9
Middletown,144252.0,131531.1,128607.0,144536.1,170368.7,191968.4,212891.8,218111.1,236627.1,255924.5
Milford,129282.5,128835.3,135128.3,146609.2,152659.7,170934.1,188713.7,204630.3,222697.0,227978.6
Mill Valley,917719.8,863893.1,887631.3,1037070.1,1173666.4,1326667.5,1414640.2,1447465.7,1533927.9,1535115.0
Millbrae,809884.1,760040.7,795364.2,943374.1,1100407.9,1273870.7,1404238.4,1473138.9,1648033.7,1626649.8
Milpitas,475092.7,446577.7,469514.8,585066.8,671396.6,765310.2,833131.3,868907.0,1074997.5,1066891.8
Miramonte,156548.4,127373.6,123895.2,132006.2,145962.2,165049.9,180747.1,197163.3,206662.6,220656.7
Mission Viejo,481079.8,451790.8,443935.4,525814.9,586770.3,604471.2,625712.2,679862.1,723607.0,719579.3
Modesto,137571.5,128434.9,126287.5,155647.1,192418.1,214108.6,238019.4,261032.4,285992.2,301774.9
Mojave,57768.1,53252.4,51123.6,56271.6,65628.5,75328.2,84707.0,95988.3,114980.6,134267.2
Mokelumne Hill,139038.9,137182.5,134658.4,144495.4,170806.7,186908.1,209603.3,243440.0,259395.9,272967.2
Monrovia,471531.4,444093.5,430820.0,491335.6,557525.2,583291.6,595639.6,639262.2,704254.7,720974.5
Montague,117237.5,112913.4,112713.3,119328.5,125913.6,131131.8,145300.3,159674.5,173168.2,181681.3
Montara,645487.0,586718.1,586346.6,679258.4,741021.1,844816.1,941591.8,1002400.9,1131315.5,1145795.4
Montclair,208709.2,206569.0,203586.8,244977.8,294554.7,315806.8,331618.9,372941.6,416597.8,427430.0
Monte Rio,239462.1,215292.6,227431.2,295408.8,344042.5,394949.0,435938.7,467574.1,526838.4,516140.6
Monte Sereno,1575782.1,1509044.9,1689929.8,1965699.1,2201363.9,2517834.8,2536947.9,2524526.6,2919883.9,2945763.2
Montebello,365891.5,344058.4,326465.1,364356.4,411175.4,432776.3,445785.0,485707.0,541227.1,565087.2
Montecito,2104393.8,1994435.6,1934897.2,2229391.4,2531664.8,2700234.1,2900926.9,2933960.4,3000771.7,2947462.5
Monterey,578989.3,504406.7,492800.2,545414.5,611641.3,648828.3,699554.7,742979.1,790750.5,814788.5
Monterey Park,447690.4,424760.8,410446.2,457466.9,507145.3,526385.9,533120.4,581463.4,646353.2,666875.1
Moorpark,499018.7,471961.5,439777.8,492126.4,550441.1,578600.4,609173.2,642213.3,667443.8,673914.9
Morada,335108.6,305280.3,293716.7,329733.2,373273.7,405163.3,437978.2,463389.2,502746.7,531486.0
Moreno Valley,154877.9,153810.2,155370.5,188209.8,234190.0,255452.3,275348.3,294565.3,323788.8,338486.5
Morgan Hill,524473.1,489891.9,503091.0,607532.0,684484.7,749664.9,801118.4,835441.5,962095.0,978901.9
Morongo Valley,105176.9,88755.5,83373.7,94851.1,107724.5,117592.6,128525.0,148873.2,184292.9,196855.3
Morro Bay,439086.0,396457.6,400079.5,449688.5,498612.6,532077.5,570022.8,644231.9,679016.7,688267.8
Moss Beach,665679.7,604780.5,602436.4,703942.9,778702.9,877991.1,997259.2,1071815.9,1186513.4,1169015.2
Moss Landing,328464.7,303538.0,301538.7,354039.3,412150.2,464339.4,522740.6,572567.1,602629.9,637714.4
Mount Shasta,232732.1,220395.5,212227.7,217013.1,234756.6,246277.4,267096.0,283609.5,306966.5,320852.8
Mountain Center,215965.3,212398.3,200236.0,228201.2,260041.4,286099.6,298832.9,313981.3,351604.9,369258.4
Mountain Ranch,176348.5,169361.5,166139.2,177741.8,197633.7,218818.4,257253.6,285527.6,297563.8,302900.9
Mountain View,662831.4,639408.8,706995.0,874488.5,1026633.3,1252361.9,1342019.5,1371752.6,1690013.6,1675057.4
Murphys,237347.6,229577.4,229642.4,245138.7,273544.5,295345.7,321633.2,344197.7,361211.6,376218.9
Murrieta,243440.2,242200.6,245633.2,293478.4,340372.2,355590.6,376108.7,399125.8,429496.4,438660.3
Muscoy,91283.1,87621.5,84329.2,104176.0,135308.3,154587.1,167568.7,201084.1,247647.0,267231.6
Napa,397573.8,375834.0,367476.1,439117.6,500507.5,550673.3,604852.5,643349.4,676869.2,696357.9
National City,201956.4,199396.5,202621.6,245206.4,291044.8,327375.9,365773.4,397061.1,425058.3,455051.8
Needles,79705.3,67777.5,59525.1,64063.9,71379.4,77599.3,80971.6,97192.8,115953.2,109491.4
Nevada City,327813.9,288924.8,273254.6,302790.0,343866.4,368312.9,394049.2,422677.4,452365.0,459837.5
Newark,426550.2,397940.8,380544.5,473244.5,561266.3,645526.4,730053.2,793224.4,938792.2,940864.1
Newberry Springs,88015.7,78215.0,78123.1,90463.6,100085.9,106212.3,109733.1,129184.5,154876.3,151748.8
Newcastle,393307.3,354637.4,350034.9,406038.4,452257.0,499859.3,538611.1,576383.0,622201.6,645467.8
Newman,115355.5,111215.2,111442.2,139213.2,179069.8,203468.1,228078.7,250585.0,279110.6,299202.0
Newport Beach,1320444.4,1269642.1,1261410.7,1391418.9,1575791.9,1664954.9,1658948.8,1815907.6,2017493.5,1968846.9
Nicasio,912658.0,864036.8,814345.0,916174.6,983016.6,1109403.3,1206629.2,1233995.4,1290024.8,1299186.6
Nice,85979.6,82588.3,83794.2,100514.5,108415.2,119146.8,143615.4,161909.9,180121.4,194615.6
Nicolaus,246787.8,234983.9,229550.4,250969.8,285602.8,308618.9,332180.9,376091.3,401144.1,411572.5
Nipomo,401032.2,367677.3,370312.9,420868.2,464937.6,502412.9,534617.5,587909.0,614681.8,619679.7
Norco,309891.3,301033.1,302382.7,357835.9,415592.5,446271.1,467998.3,493016.1,535650.5,554378.7
North Fork,181031.4,173325.6,172156.9,189875.7,208932.9,225161.0,232997.5,242727.5,276020.8,285392.9
North San Juan,189517.9,177845.3,169214.3,185635.9,203216.0,229282.5,255855.7,273174.3,296174.5,301678.4
North Tustin,691268.3,665171.9,647789.4,738545.6,810399.5,836717.7,853643.9,928800.5,1006263.0,1009332.3
Norwalk,275581.0,264644.1,259014.8,296805.8,342808.3,367547.6,385334.1,426300.8,475162.9,494024.4
Novato,476519.5,431661.8,445956.4,546604.2,611579.2,680436.8,739656.0,774138.9,826063.4,830571.8
Nuevo,167949.7,159764.9,157994.6,189219.6,234223.6,260523.0,287491.0,311474.2,347362.8,359779.6
Oak Park,553421.2,535013.9,520935.2,586566.2,652268.0,685476.2,717031.6,754622.8,795592.0,808074.5
Oak View,427962.1,397442.3,356090.7,404438.8,455130.4,486535.6,527388.7,560099.8,589468.0,600030.6
Oakdale,215794.3,204708.5,202941.3,236052.4,279155.1,307039.3,329527.5,352070.5,377433.9,393467.2
Oakhurst,179696.8,173794.5,174774.8,194026.8,215332.8,228503.6,238432.1,251464.3,279899.0,295508.8
Oakland,334125.3,302284.0,289239.1,363467.1,438658.0,519819.8,607449.7,660691.6,726912.3,733107.3
Oakley,181423.0,183104.7,208555.7,267208.5,331017.9,365513.6,408831.9,445100.1,485211.9,499083.3
Occidental,519499.4,470063.6,456119.5,502407.9,574468.8,657341.3,736954.5,793372.5,879656.6,873292.5
Oceano,260646.1,233851.5,231094.9,267642.7,308804.6,327434.2,357785.4,404077.3,429952.8,441362.2
Oceanside,311560.0,298044.2,293760.9,342655.9,393349.4,424683.5,455990.6,492533.4,521586.7,534150.0
Oildale,83903.7,77655.5,80781.6,100756.7,119256.3,127897.4,135451.3,142599.6,154563.4,165538.3
Ojai,513080.6,475894.6,455392.1,521988.9,581948.3,621364.2,664661.8,699249.2,739239.4,754662.8
Olivehurst,131433.3,124808.5,124945.5,146918.0,181010.0,196797.2,218837.2,245723.0,271995.8,292058.7
Ontario,215839.6,212955.3,206951.9,248980.8,300860.6,322692.5,339877.4,377272.0,422326.0,436987.7
Onyx,86341.2,80896.8,91590.0,108777.2,123244.6,132254.0,134507.4,147223.5,162001.3,175174.3
Orange,461099.1,434031.3,424336.8,495290.3,547431.7,570851.5,594059.1,647718.7,697959.6,702476.1
Orange Cove,101612.6,88816.5,87484.6,101853.8,116877.3,128290.9,138932.0,149378.4,158804.8,170272.4
Orangevale,230864.4,207019.6,202912.8,255911.9,297417.6,315351.6,341630.9,371322.0,398632.2,411542.9
Oregon House,170771.2,163100.7,162835.2,179319.1,204964.9,226451.7,252900.9,280170.0,307283.2,320678.0
Orland,156672.2,150604.8,152218.6,168964.8,185834.6,198352.7,217263.5,236790.6,255658.4,278983.3
Orosi,108882.2,99963.9,97186.9,107115.5,121591.5,131916.4,142927.3,162031.8,170752.8,182069.6
Oroville,140301.7,126282.9,119823.0,138043.3,154591.5,168725.2,183191.0,200660.5,219157.3,244505.9
Oxnard,327436.6,313931.9,291298.8,335773.8,391028.4,420008.1,451657.5,480210.3,507750.3,520710.6
Pacific Grove,635047.1,556983.6,534852.7,599146.7,676356.2,741709.4,821227.8,876641.8,920489.6,933496.7
Pacifica,550420.0,503246.9,498828.5,607294.4,684773.9,782881.3,872398.7,939397.4,1068352.3,1083626.5
Palermo,115028.4,94915.1,93854.8,112806.7,124078.9,132774.5,148763.9,159739.9,175765.6,202819.0
Palm Desert,284121.5,263190.5,257342.5,284875.5,313826.3,323092.0,319506.7,322163.4,344746.0,360081.3
Palm Springs,232275.1,216275.7,213024.4,251714.1,290691.1,316589.0,324134.7,334045.8,374017.8,393477.9
Palmdale,151760.2,146605.0,142108.4,170169.7,208416.0,225570.9,245849.3,272983.8,307907.7,326230.8
Palo Alto,1273271.9,1246028.5,1414714.4,1727661.8,2116371.9,2565781.2,2547084.4,2531612.5,3032229.2,2939515.4
Palomar Mountain,169664.9,145266.6,150235.0,176746.6,204794.2,219975.0,244437.4,273764.9,291489.9,298234.2
Palos Verdes Estates,1372657.8,1334887.3,1324278.0,1479073.8,1628628.4,1665871.6,1624661.2,1734591.9,1903812.9,1967725.6
Paradise,372843.1,342488.4,316998.1,351215.1,391413.4,417269.4,453622.4,494114.5,534162.1,553890.9
Paramount,202309.2,192266.3,184953.8,215835.0,264520.6,293820.2,310400.4,347832.7,400549.0,428501.0
Parlier,102110.2,90526.3,92918.3,107756.1,124626.6,137587.8,151830.6,166288.7,180444.1,192265.8
Pasadena,533248.6,504494.4,495222.6,560618.6,622713.5,652078.6,663805.8,723205.5,810852.8,829950.6
Paso Robles,300342.3,281464.1,293360.7,347124.1,385120.5,404750.3,429878.0,474217.0,501560.9,508177.1
Patterson,147870.5,146431.7,145841.7,184501.3,239878.2,260988.8,282995.3,310930.9,346893.1,366527.5
Pauma Valley,386213.5,352904.1,338547.7,381277.6,427579.7,461394.2,485602.0,510043.3,523673.3,526628.6
Pearblossom,142151.5,128718.0,124665.5,146338.3,180992.9,188771.4,199576.7,225610.7,261905.6,288249.0
Penn Valley,286748.5,250633.0,231176.3,268984.0,303546.6,319672.7,337607.4,358702.4,391062.8,398296.4
Penngrove,599312.1,549930.4,535641.5,615361.1,693507.4,769317.4,848420.2,901915.4,1000177.1,1004109.1
Penryn,392789.9,356421.1,349081.6,404758.0,457640.8,499309.3,537646.7,573267.4,623894.2,648028.7
Perris,147550.6,145702.4,145828.0,176727.5,221500.9,244848.7,266168.0,287057.8,316211.2,331222.4
Pescadero,659315.8,559961.0,551560.0,671372.8,761054.4,857759.6,898399.0,975819.6,1090008.5,1074002.7
Petaluma,433232.6,399480.3,379568.7,444917.7,517166.8,570953.3,618446.7,658962.3,717872.2,718962.6
Phelan,136504.0,131479.9,125249.0,146557.8,179761.0,197673.7,213776.1,240896.4,278181.1,281416.0
Pico Rivera,273800.0,265149.1,258374.4,293468.5,336297.8,361168.9,379103.8,418663.1,467943.2,492518.5
Piedmont,1215462.2,1187665.0,1180936.2,1372326.4,1540926.5,1747957.1,1865257.2,1937131.4,2095694.3,2089360.5
Pilot Hill,340401.0,315490.7,282911.7,324831.8,377178.4,406333.1,436128.0,476033.8,511546.5,519451.6
Pine Grove,184517.1,175784.9,179972.6,203900.8,232329.6,256162.5,278570.0,299876.5,324869.1,336504.4
Pine Mountain Club,190616.1,161124.6,153648.6,161132.7,179329.5,191356.8,203292.9,218561.4,237858.0,254964.6
Pinon Hills,147472.1,136064.8,130500.6,152172.5,179450.3,196313.8,212621.1,242787.1,282244.8,286675.0
Pioneer,144878.7,137543.2,137095.8,153520.2,175281.9,191720.6,214190.7,236200.5,261300.9,270181.2
Pismo Beach,545308.0,507096.7,533162.2,596959.5,650164.9,697322.3,735708.5,826446.9,868073.9,866930.4
Pittsburg,156650.2,148447.9,155169.7,207992.8,271865.3,308583.0,351922.9,388013.9,426459.8,439831.1
Pixley,82272.6,73476.4,70888.5,81168.3,96419.5,110418.4,121693.6,139862.3,151127.3,162755.5
Placentia,443208.4,417936.7,406633.6,467259.2,521771.5,550286.2,577741.0,629327.8,672320.5,678342.0
Placerville,275292.3,248374.5,234337.5,267908.3,306287.5,330269.5,359251.4,388746.0,412180.7,422655.4
Planada,71148.4,60324.9,57361.7,69954.6,87755.8,98361.0,112343.4,128511.8,145421.0,167862.2
Pleasant Hill,450585.5,398106.8,398436.0,491315.8,570027.3,626126.9,670017.6,714451.2,765469.1,770704.7
Pleasanton,705622.2,676305.7,661139.1,761839.6,848271.9,931009.4,1003620.7,1046222.7,1155961.3,1144164.9
Plumas Eureka,203581.1,200996.5,206804.7,204387.3,223241.1,225793.9,236269.0,250085.4,271278.4,286437.2
Plymouth,241810.5,233932.1,231651.3,260920.5,305551.8,344971.7,384131.7,411727.4,456639.7,475575.7
Point Reyes Station,685515.3,616437.7,602786.9,737470.1,810368.1,907458.8,988379.3,1046193.6,1120391.9,1119110.0
Pollock Pines,197537.9,171195.8,159100.5,187043.6,220131.3,238320.7,263923.3,291825.9,314238.7,321310.6
Pomona,216393.8,209994.0,204318.3,247418.3,298250.0,323669.3,338994.2,373886.8,418823.0,438785.3
Port Hueneme,249932.3,238046.0,213369.8,248659.1,294256.0,320551.2,347078.7,377820.8,401708.2,411908.5
Porterville,132265.4,113679.4,109580.0,126573.2,142995.2,153191.6,163917.7,183404.3,198061.4,210744.0
Portola,110058.6,109130.9,110995.6,114452.5,130084.3,138384.0,153189.4,168235.7,186737.3,203180.8
Portola Valley,2006557.0,1914099.2,1995370.2,2340223.8,2676178.1,2993248.5,3160310.7,3099542.0,3294321.6,3274333.0
Potrero,221353.7,211832.1,202824.8,229153.3,278583.4,297423.5,309395.5,334922.0,375110.9,381395.6
Potter Valley,278609.6,271104.7,261596.0,289688.6,325568.1,360102.5,397151.4,436605.7,462139.9,477264.6
Poway,506832.6,477571.0,473131.1,536966.5,587861.5,623378.5,655217.9,695189.3,733911.6,747891.9
Prather,280313.7,248376.8,240872.1,260908.8,291206.3,310536.1,327934.8,348902.0,369684.6,384851.2
Quincy,173136.9,164244.2,164261.2,171849.0,190938.6,198829.9,213828.4,227854.9,248014.3,257002.9
Ramona,346374.2,316474.2,309982.6,357733.9,409374.5,438769.8,477174.1,511410.2,540928.5,544809.3
Ranchita,257887.1,215970.0,206808.6,247429.0,291723.4,300566.6,328575.1,365389.6,406106.1,369506.0
Rancho Cordova,213162.3,191627.7,181428.1,225845.5,267307.0,286228.4,312658.6,342891.3,372771.3,384633.5
Rancho Cucamonga,322312.0,311330.8,299502.0,351669.5,411377.6,431003.1,444426.0,479741.0,521598.6,526585.9
Rancho Mirage,408129.3,382580.3,378660.2,414295.7,453140.9,461392.3,457987.5,458952.4,489299.0,508040.9
Rancho Palos Verdes,848191.8,822860.8,813648.6,914923.0,993832.7,1003124.6,1015425.6,1108466.0,1222791.2,1262306.7
Rancho Santa Fe,1848457.9,1797186.2,1783724.6,1977344.3,2186545.0,2290532.9,2303720.3,2333185.5,2426035.3,2399600.9
Rancho Santa Margarita,399080.6,374496.8,364786.3,437872.4,503698.8,525337.7,549676.0,593683.2,635330.1,635438.7
Raymond,178922.0,175246.5,174885.4,199062.9,230052.0,252194.1,267882.3,286600.8,326698.7,338191.8
Redding,201528.6,187345.6,179700.5,195805.8,215869.7,227693.5,237594.4,251591.5,267012.8,282822.8
Redlands,265884.7,248214.8,234175.5,268701.4,309705.6,330610.0,342811.4,379429.4,419479.6,427400.0
Redondo Beach,657999.4,630595.3,617785.2,696296.7,766409.9,797864.8,828417.6,907550.1,1028230.1,1057029.5
Redwood City,672236.7,630898.6,661724.5,807449.9,939871.5,1121640.4,1256163.7,1318421.1,1518774.4,1508910.3
Redwood Valley,356448.6,344537.1,333569.0,357678.7,408207.0,434061.3,469014.4,510298.6,524148.6,547565.4
Reedley,161811.1,142170.8,141835.0,158452.4,176598.4,187550.4,203031.7,221632.6,239755.7,249347.2
Rescue,380110.1,353316.7,332459.9,382105.7,426068.7,461763.8,500082.0,536651.4,570008.1,592706.0
Rialto,156322.3,158681.3,158913.0,194165.4,239923.0,259029.7,276354.9,304360.4,344210.3,360507.9
Richmond,207719.3,171528.6,174723.8,235105.0,303410.5,353344.4,413667.4,456288.7,507006.5,524021.1
Ridgecrest,165759.6,155694.4,146470.1,147148.7,148974.9,154002.1,163758.4,180529.1,194099.9,201616.5
Rio Dell,221305.4,210538.5,193732.7,194219.6,202798.2,207771.1,228076.9,255765.0,270342.6,293309.4
Rio Linda,139489.4,125656.6,122585.2,162952.6,200170.2,221711.5,250873.9,280045.3,305555.4,317057.7
Rio Oso,280135.4,268390.1,259330.4,273862.9,312197.5,355227.7,374180.1,424021.1,454306.2,468073.0
Rio Vista,217357.9,202992.3,188935.2,225654.5,273110.5,300699.8,324964.6,353117.4,381192.4,388037.9
Ripon,258637.3,235010.7,234380.8,283750.4,333243.1,366006.9,396963.9,428361.2,460511.6,479223.9
Riverbank,161789.1,153134.0,146131.0,179977.5,222977.1,243347.6,268350.6,291928.1,316287.9,328858.7
Riverdale,145129.0,125826.7,113725.7,124869.3,142387.9,155404.7,170125.0,188218.4,205910.0,221004.3
Riverside,211443.4,205180.4,206541.8,249957.0,298579.7,324565.1,343989.8,365396.4,400244.7,412844.7
Rocklin,298938.9,278474.1,276308.5,336142.6,382764.6,405098.5,428616.5,455627.6,485638.2,504612.9
Rohnert Park,302275.3,279928.6,265947.8,328387.5,390305.6,427624.2,471464.5,504740.8,557995.1,559304.7
Rolling Hills,1402718.9,1375043.1,1407104.3,1607119.4,1793814.2,1850071.0,1828150.6,1995079.3,2243759.4,2373884.5
Rolling Hills Estates,957399.7,923328.8,904238.5,1010896.1,1108291.8,1132544.4,1136839.7,1219842.3,1338863.0,1369803.8
Rosamond,120629.3,112401.4,113759.6,133992.8,157093.7,168910.7,185547.4,209468.9,239594.1,255871.5
Rosemead,405802.1,384493.5,375274.4,425513.4,473039.2,496687.1,502941.4,543612.6,608635.4,629312.1
Rosemont,163929.4,145129.4,137809.4,177367.1,214944.9,232200.6,259063.3,285951.4,315301.6,330768.5
Roseville,284107.3,266119.7,263069.8,319062.6,361773.1,379559.6,402288.3,430055.4,457145.7,472678.1
Ross,2009537.0,1875000.4,1935009.0,2157403.9,2310813.2,2602358.6,2749924.4,2791472.7,2905715.6,2882709.8
Rough and Ready,289586.4,255392.5,245773.6,275466.1,307793.5,342662.3,374936.5,398450.3,424155.5,432400.1
Rowland Heights,457011.1,435961.6,424197.6,485709.9,551818.9,575811.7,579092.6,615540.3,663683.8,669401.6
Running Springs,137742.4,122943.6,109342.8,119471.6,137640.6,150105.7,162510.1,182038.6,215953.1,223894.5
Sacramento,164356.6,149370.3,145365.0,186027.7,222128.1,243365.5,275734.1,303975.0,330534.9,342821.9
Saint Helena,933909.5,910017.1,882934.2,1010153.0,1100917.3,1198877.1,1296618.1,1361425.9,1434165.1,1461231.8
Salida,159240.4,150387.0,145864.4,180036.1,228977.3,249665.2,272682.9,296917.5,323733.7,341190.4
Salinas,246756.3,237143.9,234877.8,278500.2,337750.3,370551.0,408174.0,440777.4,468437.9,490597.1
San Andreas,125280.8,125475.0,126841.6,142140.5,164437.9,178146.6,200545.8,227090.0,255710.9,263136.3
San Anselmo,730862.0,677400.3,711901.1,848844.4,943533.3,1034863.6,1104200.9,1167813.9,1259759.1,1245153.3
San Bernardino,119384.8,118461.2,115967.9,141019.1,175260.4,194960.7,210678.7,238739.6,275611.0,289502.8
San Bruno,477354.9,440888.0,448694.3,554904.8,638901.2,736664.3,828418.3,895081.7,1027768.9,1041492.9
San Carlos,857567.2,827198.6,875266.7,1071564.4,1275530.5,1498542.7,1621401.2,1688568.2,1908994.2,1861856.3
San Clemente,619816.8,571559.2,569474.1,665914.3,746104.6,773166.2,799581.7,864583.8,932401.7,935027.1
San Diego,401561.7,378433.8,376461.8,438203.5,484564.2,513680.1,548150.0,588067.9,630605.6,642380.1
San Dimas,408350.3,388637.3,373151.7,418927.1,477434.4,509551.9,526689.9,566781.0,619473.0,630936.7
San Fernando,230811.3,229516.6,225161.6,268512.4,313610.4,337297.5,358360.7,396974.0,451794.9,481225.0
San Francisco,669525.1,628446.8,662593.8,799166.0,918964.3,1075753.3,1151329.7,1185362.2,1296882.3,1299272.9
San Gabriel,508404.0,486142.8,485819.6,554712.1,616261.6,643760.5,647189.0,701487.1,777254.2,783384.5
San Geronimo,628454.2,570165.6,539026.4,624358.0,673279.4,757107.0,830364.6,870811.6,934434.3,931841.8
San Jacinto,129514.8,127226.4,128629.6,158524.9,193986.2,210691.1,229438.5,250071.4,279181.9,291944.7
San Joaquin,91268.2,75000.8,76421.9,90979.6,106780.7,116180.6,129049.3,146826.3,163540.0,175835.7
San Jose,463895.6,435699.3,458178.4,570320.6,646116.5,730391.2,783150.1,813893.9,1006491.3,1014061.4
San Juan Bautista,400843.9,377959.9,378411.8,435924.5,508444.2,562696.4,625242.5,651715.2,671844.4,697751.7
San Juan Capistrano,489269.1,457911.8,457514.4,542314.8,614781.4,637163.6,663109.6,715332.5,765114.0,760363.3
San Leandro,355381.7,322684.7,300702.9,373528.3,438135.2,492812.5,555016.5,600970.2,669078.0,674092.5
San Lorenzo,325969.5,296792.6,282684.4,354552.3,420779.6,472649.9,529659.7,576922.7,653320.5,658904.6
San Luis Obispo,483278.9,447154.3,458653.7,529823.1,580557.3,614023.2,644493.9,700474.5,739579.3,749176.3
San Marcos,383715.0,365697.2,359597.3,411506.5,470553.5,507907.8,541475.9,573260.3,605968.3,615749.9
San Marino,1449520.8,1414330.5,1411271.7,1642398.9,1937071.6,2046944.0,1946794.8,2045484.0,2232942.6,2259151.5
San Martin,634078.2,566911.9,590882.7,710726.9,813721.4,910747.3,937098.4,951342.1,1132638.7,1147274.0
San Mateo,656444.3,614691.5,635193.5,773857.1,898499.1,1052284.3,1158574.3,1238667.5,1430179.2,1409430.7
San Miguel,246120.2,224006.8,217072.0,258386.6,297163.1,319140.8,338721.0,375469.5,398316.6,408600.2
San Pablo,139681.1,139398.7,148424.1,200344.3,265389.0,306104.4,357820.4,394802.2,436943.5,459725.0
San Rafael,592121.3,536764.4,552609.1,659753.6,729510.8,807412.1,865809.9,911860.6,984503.3,987858.1
San Ramon,598813.1,606723.8,610996.3,713115.9,812506.3,882701.4,937805.4,976805.4,1046805.5,1061816.9
Sanger,149032.5,135315.7,136176.7,154110.5,175977.1,191685.5,208466.2,225376.6,245860.8,261958.2
Santa Ana,280420.3,270933.2,269049.8,326629.2,375938.7,399638.8,419916.0,468938.9,524812.9,535747.8
Santa Barbara,810797.0,733044.3,705579.3,812590.7,922576.0,989708.7,1047451.4,1071905.5,1108113.3,1113157.1
Santa Clara,522796.0,492673.3,523201.7,649267.9,743979.4,873738.8,951947.3,990671.8,1273106.2,1273954.6
Santa Clarita,369327.0,344730.1,327680.9,376013.9,431867.6,453741.4,474570.2,508526.2,551184.5,562234.6
Santa Cruz,611039.4,571549.1,565573.8,638636.9,704871.6,781895.2,850458.8,909891.4,988183.2,973500.6
Santa Fe Springs,293586.5,281292.1,277110.2,318713.9,357946.8,380464.0,397001.8,437387.7,484809.8,502963.3
Santa Maria,247298.9,224947.5,212670.1,248816.0,293270.3,319382.3,346465.5,364236.4,383841.0,396951.4
Santa Monica,836156.3,800922.6,802472.8,930389.8,1064660.1,1133089.4,1135815.4,1244451.1,1482005.1,1527865.7
Santa Paula,293560.3,278610.1,259901.9,301443.8,350882.5,377971.7,406934.3,435573.7,465581.5,477962.6
Santa Rosa,340889.7,314726.0,299910.1,358409.9,421059.7,464441.6,508950.3,544879.5,600825.7,594486.4
Santa Ynez,897687.6,803810.4,743347.7,822568.3,922414.3,1001277.4,1057963.7,1080063.9,1107056.8,1142967.6
Santa Ysabel,403719.4,364432.0,353796.9,401739.5,438427.0,467488.6,500991.8,541420.9,571478.0,567516.5
Santee,297758.9,280022.5,279509.1,327277.0,380651.0,408561.8,438440.2,469423.2,496714.7,511269.8
Saratoga,1366213.5,1320662.2,1440265.7,1699316.4,1900065.8,2160672.4,2204754.9,2204105.3,2647544.6,2696387.2
Sausalito,784513.9,711534.3,725988.1,859935.4,970126.3,1101698.8,1187370.6,1230743.7,1312461.2,1319112.9
Scotts Valley,606338.5,563730.0,558633.2,637760.5,714341.4,785168.1,844729.9,888932.0,948229.2,949937.9
Seal Beach,406143.4,365843.5,353241.9,397916.2,433924.5,455832.3,476883.6,527925.6,573086.2,583180.9
Seaside,305130.5,283818.5,283250.8,340126.1,388519.0,411746.8,450490.6,488358.8,523526.9,546839.9
Sebastopol,546207.0,507433.3,498391.1,569615.9,639095.4,715319.7,777711.6,824668.5,891687.8,899200.5
Selma,140485.3,125216.6,125594.3,141850.8,160175.9,172282.6,186572.3,199899.5,216642.5,229671.7
Shafter,136811.4,119607.8,119781.0,139767.8,163293.8,179619.4,193970.4,205319.5,220158.9,234531.4
Shaver Lake,353220.3,326263.4,315742.8,332397.8,344871.0,357591.8,376222.7,385166.0,400532.2,407630.0
Sheridan,168280.9,161775.0,161562.5,190899.1,224385.8,250645.1,286020.7,319646.9,345642.0,363955.6
Shingle Springs,314558.1,289383.6,271817.3,317700.8,361789.9,381562.9,411922.3,442549.3,473919.2,491251.3
Sierra City,146014.4,148405.7,146773.6,159658.7,172219.2,186151.2,199314.5,214940.9,231874.7,239952.3
Sierra Madre,661006.7,625458.1,621197.2,700173.7,787139.2,814342.3,827272.1,902497.3,991197.8,1011345.2
Sierraville,164605.7,157573.0,153084.9,169604.2,184242.5,210490.1,239859.3,264877.3,297386.4,312910.5
Signal Hill,354690.2,321356.8,296409.3,337148.8,393671.4,419926.8,431084.0,455609.1,511106.4,532235.3
Silverado,393172.7,364132.5,355898.5,425857.5,499698.9,529951.4,551464.2,614769.8,669296.2,664679.5
Simi Valley,421177.2,400750.2,376069.6,422174.1,471504.6,498908.9,530266.1,559115.6,587343.7,594986.5
Sloughhouse,308900.4,283314.1,289951.7,347213.4,389783.6,415103.1,446297.8,482495.7,516924.0,529136.6
Smartsville,196720.2,183486.1,178334.4,204371.3,244077.0,271536.5,308138.3,331705.4,362973.1,371118.8
Smith River,212503.5,202126.6,198285.5,204834.5,215357.0,230392.7,251185.3,263270.7,290459.2,307108.7
Snelling,164395.3,160591.7,142512.0,166223.0,207240.9,238084.9,257046.4,285863.5,302384.6,322407.9
Soda Springs,381155.0,347853.9,324410.8,354071.0,382283.7,422246.4,447302.1,459802.2,490595.9,511194.7
Solana Beach,818070.7,790125.0,787584.3,882917.5,995793.3,1097618.1,1174586.8,1245113.4,1310989.6,1311012.4
Soledad,168822.3,165622.7,164082.1,194090.8,250429.5,292119.6,327275.2,351220.1,375330.7,396661.1
Solvang,624406.5,554477.5,511265.2,580756.6,639308.8,681262.4,734639.8,761816.6,784754.2,801364.4
Somerset,265641.1,226306.6,199238.5,226005.2,267330.9,292116.7,319167.2,349907.1,373292.5,376078.0
Somis,829977.5,789836.4,715483.7,763608.5,833522.6,868102.7,912291.9,969649.4,1019611.1,1060613.1
Sonoma,485781.3,444004.7,427741.5,497325.4,580077.3,648781.4,711603.3,742943.5,809146.1,803452.5
Soquel,607091.1,555896.2,551404.2,626761.2,699947.1,768434.5,843945.8,884068.0,948813.1,929598.9
South El Monte,281029.0,270987.3,263176.7,300527.8,346139.4,366706.9,383200.7,422328.5,474961.4,490874.8
South Gate,242041.9,234784.6,233189.2,267116.1,310068.6,336348.1,355069.0,392223.1,440418.8,465036.1
South Lake Tahoe,323233.3,288995.3,264985.7,302158.2,346192.9,372601.2,397060.6,426875.8,463525.2,475068.2
South Pasadena,737513.0,708697.4,696806.2,788248.1,893437.5,941988.8,931976.6,1013936.7,1178199.0,1218606.6
South San Francisco,482279.8,446935.9,458779.1,567063.7,649937.2,746064.4,830766.8,887066.0,1014644.7,1017816.0
Spring Valley,268642.7,257474.6,256476.2,307626.7,354012.0,385473.0,420278.6,452897.3,480024.7,491785.0
Springville,214295.3,189509.5,178311.0,196114.3,212623.3,225674.5,240114.6,259222.3,276935.8,285872.9
Squaw Valley,162459.8,145637.6,141432.1,155998.5,169484.5,181891.0,197709.2,214871.2,231885.1,239307.7
Stanford,1139976.4,1122332.1,1233332.2,1457653.3,1703894.0,1984604.3,2055566.8,2104314.6,2468028.5,2470527.7
Stanton,276569.7,266586.2,258044.1,303605.1,346197.6,367363.3,387784.6,429102.8,476820.6,486496.0
Stevinson,188687.9,186155.2,173785.2,193579.3,233510.5,275705.8,313267.9,335237.5,369092.0,391950.4
Stinson Beach,1174509.5,1223941.0,1259781.9,1441598.6,1608532.9,1838791.7,2093904.6,2261489.8,2437797.7,2397260.2
Stirling City,41297.2,47601.4,47300.8,52356.5,58066.0,67108.2,87254.3,97641.5,114837.1,148463.4
Stockton,130752.3,123479.2,121850.8,147426.1,183433.5,204000.2,229484.5,258585.8,289512.9,306215.1
Strathmore,107990.6,93522.2,87855.1,101822.7,113015.8,119882.0,129101.6,145110.3,160518.3,178390.3
Sugarloaf,116320.2,102363.5,92026.8,106529.8,123460.6,131544.0,140705.6,155442.5,182487.9,194391.3
Suisun City,186709.8,175558.3,167603.6,207531.0,265305.7,295180.9,327128.0,361931.8,394997.3,408081.4
Summerland,1233110.3,1109417.3,1027625.9,1156405.6,1305981.7,1436318.7,1579623.8,1617666.2,1657143.6,1637500.9
Sunnyvale,630550.4,599639.9,650976.7,806861.8,949575.5,1148886.9,1233564.0,1265598.6,1621042.8,1609138.3
Sunol,746355.5,688963.2,704161.8,831196.3,904729.2,1006549.8,1141553.5,1191482.8,1271660.3,1210034.8
Susanville,123713.0,119388.4,123312.3,127576.8,131211.4,133644.8,149359.6,162082.6,175280.1,183553.9
Sutter,139923.4,132483.2,135194.7,155154.8,180801.7,196603.5,216764.0,239747.9,262685.2,281580.3
Sutter Creek,227019.6,214508.2,215284.0,235146.6,255280.4,284657.8,312444.7,329705.1,357129.0,376442.3
Taft,76881.3,68472.2,63633.5,76566.3,91359.5,103415.8,112209.0,114453.8,120324.2,126620.1
Taft Mosswood,74163.6,66506.7,67169.4,84517.8,112868.2,135206.6,162204.5,189700.0,227120.0,246963.3
Tahoe City,493103.1,469122.7,477999.0,519650.6,566044.8,614604.9,647923.1,679015.5,720438.7,749926.1
Tahoe Vista,396175.2,346367.0,330963.7,369547.2,398091.8,421536.3,448393.8,476149.4,511176.0,534226.2
Tahoma,418388.2,400403.3,409307.9,445264.1,482510.5,514943.1,541984.7,571292.8,617278.4,635153.5
Tehachapi,189773.6,169234.0,162419.8,180671.1,202511.6,217316.4,235250.5,252463.3,268613.8,280393.3
Temecula,271721.7,269862.0,275442.2,329403.8,380137.3,397298.4,416666.1,438501.0,473668.7,481703.4
Temple City,540382.4,515907.3,508716.8,584510.4,666265.6,690401.1,690235.6,740718.1,811415.3,814859.8
Templeton,385861.9,363179.4,379352.0,435647.0,475088.1,503250.9,534833.8,587127.3,623373.9,633762.8
Terra Bella,112846.4,112832.6,120693.7,139664.6,155382.9,172694.5,186778.8,200052.0,214531.1,232825.4
The Sea Ranch,621348.1,562474.7,596925.6,660103.5,709306.1,769208.7,807603.1,824602.7,857958.4,840771.2
Thermal,79155.6,74357.4,76913.4,84105.8,97146.5,111740.7,127830.3,139779.2,155185.0,164369.1
Thousand Oaks,548572.8,524163.9,490724.0,552030.2,607580.5,633639.6,665592.9,700551.5,732343.5,738732.9
Thousand Palms,103410.8,99216.6,103875.4,125492.3,150133.2,162862.0,181167.8,198711.4,220514.2,233461.7
Three Rivers,276942.5,240253.2,227016.6,238539.7,258350.0,272929.1,288116.5,314599.1,336643.1,357856.0
Tiburon,1333822.7,1277514.9,1356514.5,1564759.6,1748846.1,1954778.1,2056715.7,2091155.9,2249503.1,2243557.3
Tollhouse,238893.5,204419.4,186157.2,200238.1,221793.4,237761.7,254302.4,262803.9,281061.4,293437.2
Tomales,519310.5,470687.1,511971.5,616596.3,689985.1,746677.6,796304.4,840576.7,884461.4,883479.6
Topanga,742931.5,691768.5,633038.2,712682.5,810315.5,850123.0,832758.7,915340.7,1045200.7,1112944.8
Torrance,567282.9,541503.0,526613.2,589298.4,640792.7,662422.6,679791.5,739432.6,815812.3,841905.5
Tracy,246619.1,236990.9,242882.9,312239.7,381909.8,407466.0,440691.4,469956.9,514024.8,531572.6
Tranquillity,106049.5,90590.6,89369.4,103529.8,115846.0,125086.8,142211.4,159181.0,179430.1,198991.0
Trinidad,504713.8,492942.4,439793.5,432822.3,442081.0,456423.8,490828.8,548676.5,582639.2,588309.9
Trinity Center,164937.2,164017.9,173079.7,192447.3,208055.9,219201.1,230679.9,243114.3,248156.3,252626.7
Trona,19574.4,19592.3,21077.6,22719.9,24654.7,25905.8,31083.7,40366.9,53398.1,51614.0
Truckee,466656.9,442036.5,423311.9,460394.3,509048.5,539220.6,559687.0,599779.1,641360.9,661928.2
Tulare,133913.9,119992.5,119583.0,139257.1,157816.4,165818.9,178323.6,197548.0,209889.4,220870.2
Tulelake,70549.3,67747.2,64889.8,65448.3,70992.9,75139.7,80722.0,88043.3,97043.0,106876.0
Turlock,177140.9,167097.6,162943.5,194571.3,238069.0,262503.0,283021.4,303565.1,327031.1,341764.6
Tustin,454501.0,428757.0,418133.0,487195.5,547860.6,571655.0,593230.0,642777.8,693894.6,695482.3
Twentynine Palms,104149.7,90242.1,85293.4,87882.1,95855.0,101000.6,103554.2,116157.8,139607.8,144651.8
Twin Bridges,162339.2,150004.3,144294.3,175685.6,212379.1,234395.2,261416.2,284456.6,309967.7,319212.8
Ukiah,286899.7,272685.2,266794.1,291030.4,323125.9,343585.8,373441.7,406136.1,433872.5,458200.8
Union City,444894.5,413071.7,393518.8,488451.1,573007.6,650252.3,720078.5,773075.3,896312.1,897514.2
Upland,352178.4,344105.7,332143.2,378215.6,431681.1,454200.6,465432.2,506686.1,547184.6,552770.7
Upper Lake,162731.8,149547.2,148464.0,171359.5,196781.6,217753.3,246166.6,269154.1,292717.1,304654.5
Vacaville,248917.5,233178.7,225781.8,275710.9,334590.8,364455.7,392921.6,421306.0,454224.7,468573.2
Valinda,278581.8,268076.3,255615.3,300847.7,348604.3,372241.8,390470.5,428045.3,478792.1,502366.4
Vallejo,167332.2,155116.1,148126.0,186822.6,241572.7,279135.6,321328.2,356729.1,397893.7,412439.3
Valley Center,421858.1,390382.1,384725.9,438976.8,487705.5,517666.8,552840.9,585457.4,624942.9,624917.9
Valley Springs,162461.5,160652.4,161350.8,186706.7,228375.1,252741.1,280572.5,305894.1,333287.0,346042.5
Ventura,437322.0,410447.6,375885.8,423179.3,475853.2,503414.1,536247.0,569635.6,598804.4,609135.3
Victorville,117790.9,115563.5,114576.8,139718.1,172471.3,185246.2,200015.2,225102.0,252460.7,262808.9
View Park-Windsor Hills,443620.1,420634.6,407799.6,463834.8,526347.3,567186.8,595286.9,661750.9,780228.8,866460.1
Villa Park,971518.2,917275.5,862215.8,966045.5,1057572.5,1098417.0,1111688.8,1191244.6,1286112.0,1285813.4
Visalia,162624.2,146429.2,144480.5,167661.4,187000.6,196342.9,209425.2,228623.5,243615.4,255003.7
Vista,321869.3,309247.5,304591.5,357677.8,406788.8,437854.9,470630.7,503304.9,532754.2,544957.1
Volcano,172517.2,166464.9,171095.2,198530.4,227371.4,249915.9,275056.8,301568.9,325945.2,334830.2
Walnut,591116.1,569027.0,557255.6,642284.9,734646.3,762583.4,751350.8,789593.1,833383.9,830204.1
Walnut Creek,485268.8,433689.5,439750.7,547846.5,632124.4,691937.8,739953.0,781498.2,833325.9,841184.1
Walnut Grove,263077.9,229232.3,226455.9,277372.0,312059.1,343711.3,372054.4,403558.9,434212.4,444675.7
Warner Springs,253013.0,224923.8,219570.1,284374.0,289114.3,305133.1,338452.2,370092.1,405139.1,400829.9
Wasco,105214.1,94482.4,97674.6,115052.1,136052.1,150171.3,162456.8,171730.8,182873.5,194615.3
Waterford,130753.1,120804.1,117283.1,144282.7,180286.7,199893.0,225485.9,249836.5,273063.0,285594.8
Watsonville,328885.6,313457.9,318680.4,376488.8,438949.3,485491.0,528939.5,566880.2,610774.3,623427.7
Weaverville,161594.2,161272.8,164656.1,178781.3,194297.8,204592.2,215873.3,235318.9,253933.2,253377.7
Weed,135586.0,129122.7,127351.5,136462.1,150170.2,153422.8,166391.4,186571.6,204939.9,218608.0
Weldon,83869.7,80647.7,85349.2,93386.3,102455.5,108303.4,112187.3,120741.6,130245.3,136997.1
West Athens,249279.1,231827.8,225613.2,253144.6,295965.2,322200.4,343924.5,386596.3,446649.3,483489.5
West Carson,322000.6,300582.3,285159.5,332461.5,377695.9,397043.9,414672.5,459692.1,516668.3,542003.2
West Compton,219114.8,210415.0,215261.2,250290.8,303629.6,323897.9,345070.9,391559.9,448606.9,479359.8
West Covina,357576.5,340456.5,325249.3,372442.2,423645.4,445917.1,461027.6,501784.9,553817.0,570472.8
West Hollywood,568686.8,527279.6,507644.9,587968.6,672293.3,717019.8,742157.5,809620.7,911185.7,949095.7
West Point,97125.0,97645.8,99131.8,107103.4,128176.0,141987.2,170089.1,193017.0,212934.4,227475.2
West Puente Valley,266435.8,251878.5,242994.2,287754.7,334693.9,357269.9,371961.6,409463.0,464575.5,483208.6
West Sacramento,219053.4,197587.2,181625.7,217325.4,258954.3,283643.4,312032.8,348739.6,376944.8,387774.1
Westlake Village,700152.7,666954.3,655428.7,742460.8,827621.6,865848.2,891407.0,943150.4,1003391.3,1013228.8
Westminster,436867.9,412279.9,402087.3,459432.0,507961.0,533885.0,555137.6,607713.7,664840.8,676782.2
Westmont,203049.6,197050.9,194905.4,222350.5,265884.8,294601.8,315931.9,355700.0,419247.8,458007.6
Westwood,193632.9,188483.4,198376.3,205691.3,215041.7,218475.4,234636.6,249343.1,278189.2,293285.3
Wheatland,153691.8,146348.9,146175.2,167213.0,206744.6,225250.8,244871.7,271127.3,295838.3,312118.9
White Water,84886.3,79205.9,79190.0,92528.8,113569.3,129636.1,148214.1,168346.6,198336.6,212130.8
Whitethorn,277976.0,270574.8,248971.0,257654.1,284855.1,297454.2,326547.8,351531.8,367500.5,374061.8
Whittier,335493.6,318978.0,311799.1,355211.3,401235.5,426161.0,446811.5,487428.6,535918.4,552625.8
Wildomar,207738.9,205201.8,208733.3,253107.2,303690.4,325244.3,348321.3,372686.9,400386.3,409972.0
Williams,134488.0,128932.8,129311.1,148301.7,166011.6,179777.7,199125.7,216306.5,236022.5,253652.1
Willits,211833.6,204201.6,199715.1,220343.6,244254.7,262320.3,294216.1,322598.6,343883.7,352668.9
Willow Creek,244864.4,240491.0,233782.2,246486.7,254130.4,263090.3,283843.9,311537.9,325389.6,329625.4
Willowbrook,171298.8,172286.5,171104.6,195637.7,237775.8,264999.0,289581.5,330982.5,383979.1,424188.0
Willows,124404.3,121329.0,117608.1,132504.8,144516.2,154149.5,169934.7,182107.6,202155.6,223324.3
Wilseyville,100820.4,100570.0,99554.7,112405.3,133886.8,151401.5,178536.6,200009.6,213326.4,220809.6
Wilton,381354.3,330938.5,333803.5,403054.7,458944.5,509331.1,551048.0,594141.0,640089.2,659935.4
Winchester,239809.8,237710.4,237490.5,283431.8,334905.2,351762.8,374157.7,398476.6,427309.2,435457.0
Windsor,382371.6,356491.8,338847.8,402935.3,467384.5,507771.7,559353.0,601115.1,661277.7,661992.7
Winters,265434.6,246504.8,233803.0,270249.1,313738.0,347432.1,384266.4,422849.6,449086.0,466166.9
Winton,84411.6,79998.6,77267.0,96636.2,123303.1,138351.4,153301.6,171581.6,192830.4,216046.7
Wofford Heights,116425.2,113711.7,120274.6,129514.2,135836.7,135975.0,139256.9,145408.7,152888.8,163333.5
Woodacre,539068.7,485067.2,466234.5,553185.5,609573.1,680729.0,743120.1,783501.3,849210.3,842643.4
Woodbridge,242520.8,222433.3,219439.3,259422.4,302323.3,329691.7,349063.6,373597.0,407492.6,423440.0
Woodlake,130655.5,110405.3,105574.4,117472.5,133284.4,143752.0,154168.5,169721.2,180184.1,195126.6
Woodland,262440.9,235941.5,218888.6,249176.4,288139.2,307135.6,333474.8,368790.8,397103.0,411641.6
Woodside,1607402.9,1628071.8,1745843.3,2060174.7,2342147.1,2626813.2,2800533.9,2817848.0,2991969.1,2977233.9
Wrightwood,213543.3,185055.8,163731.5,185347.3,219255.2,235132.7,248198.4,275207.7,310635.1,312971.9
Yermo,46836.4,41644.8,39249.1,45026.1,52977.5,54625.5,57059.6,71027.5,101357.4,104907.1
Yorba Linda,610301.0,573087.0,556968.9,632388.4,708201.9,725851.2,741431.0,798790.2,851558.7,846823.6
Yountville,620636.9,590615.5,574237.7,646431.6,710926.7,804310.8,864163.2,915109.8,964335.2,992205.4
Yreka,141415.0,134164.9,132623.3,136323.6,142933.8,146663.0,155553.3,163145.6,174738.5,190141.5
Yuba City,154288.0,148358.0,150799.3,175069.4,206869.6,222405.7,240476.2,267727.7,292844.2,307497.6
Yucaipa,217699.6,202350.2,194634.8,226366.7,268443.8,289755.2,306504.9,336133.9,371743.9,379896.7
Yucca Valley,113291.7,103468.5,97964.5,108928.0,123902.9,132496.1,141398.5,161270.1,194505.4,204356.4
