Year,City,Total,Total Occupied,Renter occupied
2010,Alameda,28011,13143,14868
2010,Alhambra,28100,10693,17407
2010,Anaheim,100404,48584,51820
2010,Antioch,30970,19439,11531
2010,Apple Valley,23900,16895,7005
2010,Arden-Arcade,39936,18480,21456
2010,Bakersfield,109420,64761,44659
2010,Baldwin Park,17045,10257,6788
2010,Bellflower,25199,10132,15067
2010,Berkeley,44724,17737,26987
2010,Buena Park,23126,12533,10593
2010,Burbank,42231,18455,23776
2010,Camarillo,,,
2010,Carlsbad,,,
2010,Carson,24875,17438,7437
2010,Chico,34128,15456,18672
2010,Chino,20148,14462,5686
2010,Chino Hills,21151,17977,3174
2010,Chula Vista,74991,44572,30419
2010,Citrus Heights,33165,18342,14823
2010,Clovis,32299,19503,12796
2010,Compton,24303,12809,11494
2010,Concord,44705,27126,17579
2010,Corona,43598,28526,15072
2010,Costa Mesa,39391,16914,22477
2010,Daly City,30351,15931,14420
2010,Davis,,,
2010,Downey,34108,16882,17226
2010,East Los Angeles,31027,11267,19760
2010,El Cajon,29599,10643,18956
2010,Elk Grove,49300,36558,12742
2010,El Monte,27780,10676,17104
2010,Escondido,43385,21011,22374
2010,Fairfield,34404,20600,13804
2010,Folsom,,,
2010,Fontana,49290,33889,15401
2010,Fremont,71078,46153,24925
2010,Fresno,152890,74995,77895
2010,Fullerton,42935,23196,19739
2010,Garden Grove,45622,26801,18821
2010,Glendale,68191,27020,41171
2010,Hawthorne,28889,7224,21665
2010,Hayward,43335,22919,20416
2010,Hemet,29954,18406,11548
2010,Hesperia,26411,17085,9326
2010,Huntington Beach,74874,44872,30002
2010,Indio,24519,16558,7961
2010,Inglewood,34712,12982,21730
2010,Irvine,76172,38163,38009
2010,Lake Forest,26602,18428,8174
2010,Lakewood,26485,19285,7200
2010,Lancaster,47466,28492,18974
2010,Livermore,,,
2010,Long Beach,158386,62682,95704
2010,Los Angeles,1310259,493028,817231
2010,Lynwood,15511,7251,8260
2010,Manteca,22451,12998,9453
2010,Menifee,,,
2010,Merced,23350,9944,13406
2010,Milpitas,19127,12068,7059
2010,Mission Viejo,33734,25914,7820
2010,Modesto,69452,38271,31181
2010,Moreno Valley,49040,30109,18931
2010,Mountain View,32019,13313,18706
2010,Murrieta,30651,21240,9411
2010,Napa,28681,16706,11975
2010,Newport Beach,,,
2010,Norwalk,27796,17584,10212
2010,Oakland,151808,61547,90261
2010,Oceanside,55896,32138,23758
2010,Ontario,42752,22765,19987
2010,Orange,41986,23419,18567
2010,Oxnard,49059,25641,23418
2010,Palmdale,40215,27761,12454
2010,Pasadena,50821,22874,27947
2010,Perris,15621,10281,5340
2010,Pittsburg,18231,10804,7427
2010,Pleasanton,23226,15797,7429
2010,Pomona,36638,18756,17882
2010,Rancho Cucamonga,54752,36141,18611
2010,Redding,33646,18396,15250
2010,Redlands,,,
2010,Redondo Beach,,,
2010,Redwood City,26963,14604,12359
2010,Rialto,23707,14906,8801
2010,Richmond,36033,17530,18503
2010,Riverside,87752,50025,37727
2010,Roseville,44079,29155,14924
2010,Sacramento,176168,86950,89218
2010,Salinas,40933,17741,23192
2010,San Bernardino,59604,30377,29227
2010,San Buenaventura (Ventura),40665,22894,17771
2010,San Diego,469635,224874,244761
2010,San Francisco,336012,123128,212884
2010,San Jose,297637,173280,124357
2010,San Leandro,29940,17651,12289
2010,San Marcos,26457,15212,11245
2010,San Mateo,39516,20921,18595
2010,San Ramon,,,
2010,Santa Ana,71288,33884,37404
2010,Santa Barbara,33220,14389,18831
2010,Santa Clara,41419,18435,22984
2010,Santa Clarita,60079,42327,17752
2010,Santa Maria,27948,14777,13171
2010,Santa Monica,44513,12399,32114
2010,Santa Rosa,61327,32585,28742
2010,Simi Valley,41770,29462,12308
2010,South Gate,23488,10884,12604
2010,Stockton,91200,47779,43421
2010,Sunnyvale,53388,25349,28039
2010,Temecula,31261,21602,9659
2010,Thousand Oaks,,,
2010,Torrance,53648,31599,22049
2010,Tracy,25809,16533,9276
2010,Turlock,23960,14438,9522
2010,Tustin,24057,12415,11642
2010,Union City,20822,13756,7066
2010,Upland,,,
2010,Vacaville,,,
2010,Vallejo,41042,23834,17208
2010,Victorville,31689,18941,12748
2010,Visalia,40709,25041,15668
2010,Vista,29982,15799,14183
2010,West Covina,31286,18826,12460
2010,Westminster,26838,14627,12211
2010,Whittier,27969,15020,12949
2010,Yorba Linda,,,
2011,Alameda,30335,15388,14947
2011,Alhambra,28816,11493,17323
2011,Anaheim,98586,45616,52970
2011,Antioch,32200,19339,12861
2011,Apple Valley,,,
2011,Arden-Arcade,40255,18123,22132
2011,Bakersfield,108123,60218,47905
2011,Baldwin Park,16680,9832,6848
2011,Bellflower,22358,7949,14409
2011,Berkeley,45338,20746,24592
2011,Buena Park,22487,13528,8959
2011,Burbank,39445,15769,23676
2011,Camarillo,22101,15842,6259
2011,Carlsbad,,,
2011,Carson,24849,19783,5066
2011,Chico,34688,14890,19798
2011,Chino,22161,15986,6175
2011,Chino Hills,,,
2011,Chula Vista,76231,43536,32695
2011,Citrus Heights,31170,16789,14381
2011,Clovis,33627,21847,11780
2011,Compton,22578,12043,10535
2011,Concord,44610,27379,17231
2011,Corona,44239,30289,13950
2011,Costa Mesa,42866,15472,27394
2011,Daly City,30184,17198,12986
2011,Davis,,,
2011,Downey,33642,16866,16776
2011,East Los Angeles,31264,10873,20391
2011,El Cajon,32696,13129,19567
2011,Elk Grove,47641,33382,14259
2011,El Monte,29772,12632,17140
2011,Escondido,44095,21755,22340
2011,Fairfield,32678,18640,14038
2011,Florence-Graham,15066,5651,9415
2011,Folsom,,,
2011,Fontana,48601,33580,15021
2011,Fremont,70649,43267,27382
2011,Fresno,154747,74410,80337
2011,Fullerton,44570,24790,19780
2011,Garden Grove,45615,24254,21361
2011,Glendale,72301,26900,45401
2011,Hawthorne,28562,7443,21119
2011,Hayward,46863,24850,22013
2011,Hemet,32314,19066,13248
2011,Hesperia,26666,17049,9617
2011,Huntington Beach,75686,44096,31590
2011,Indio,23812,15263,8549
2011,Inglewood,37379,13951,23428
2011,Irvine,75284,39015,36269
2011,Lake Forest,26178,18696,7482
2011,Lakewood,26623,17889,8734
2011,Lancaster,47278,27396,19882
2011,Livermore,28674,19473,9201
2011,Long Beach,160059,64535,95524
2011,Los Angeles,1304145,481118,823027
2011,Lynwood,14238,7203,7035
2011,Manteca,21111,12959,8152
2011,Menifee,25603,20014,5589
2011,Merced,24220,10941,13279
2011,Milpitas,19392,12640,6752
2011,Mission Viejo,32012,23504,8508
2011,Modesto,67243,35748,31495
2011,Moreno Valley,50633,32054,18579
2011,Mountain View,31943,13870,18073
2011,Murrieta,,,
2011,Napa,28905,14576,14329
2011,Newport Beach,,,
2011,Norwalk,27266,17086,10180
2011,Oakland,157374,63161,94213
2011,Oceanside,56762,30364,26398
2011,Ontario,46571,25651,20920
2011,Orange,43462,26109,17353
2011,Oxnard,49415,27419,21996
2011,Palmdale,40783,24083,16700
2011,Palo Alto,,,
2011,Pasadena,55045,24830,30215
2011,Perris,16781,11475,5306
2011,Pittsburg,18953,10848,8105
2011,Pleasanton,24333,17411,6922
2011,Pomona,37972,20592,17380
2011,Rancho Cordova,23146,13200,9946
2011,Rancho Cucamonga,,,
2011,Redding,35025,19318,15707
2011,Redlands,24990,14334,10656
2011,Redondo Beach,,,
2011,Redwood City,28320,15716,12604
2011,Rialto,23852,14936,8916
2011,Richmond,36373,18335,18038
2011,Riverside,87476,49739,37737
2011,Roseville,44687,29195,15492
2011,Sacramento,170999,82503,88496
2011,Salinas,41518,18100,23418
2011,San Bernardino,58433,28079,30354
2011,San Buenaventura (Ventura),40401,21544,18857
2011,San Diego,468194,222651,245543
2011,San Francisco,342706,123681,219025
2011,San Jose,305460,172528,132932
2011,San Leandro,30627,17431,13196
2011,San Marcos,26053,14435,11618
2011,San Mateo,38380,19505,18875
2011,San Ramon,,,
2011,Santa Ana,73026,35879,37147
2011,Santa Barbara,33626,13348,20278
2011,Santa Clara,42398,19327,23071
2011,Santa Clarita,57799,38842,18957
2011,Santa Maria,27007,13050,13957
2011,Santa Monica,47181,11632,35549
2011,Santa Rosa,61489,34487,27002
2011,Simi Valley,40668,30666,10002
2011,South Gate,23601,10448,13153
2011,Stockton,89296,45759,43537
2011,Sunnyvale,52734,24807,27927
2011,Temecula,,,
2011,Thousand Oaks,46369,34739,11630
2011,Torrance,54670,29973,24697
2011,Tracy,24494,15767,8727
2011,Turlock,23505,12588,10917
2011,Tustin,24478,13560,10918
2011,Union City,20882,13223,7659
2011,Upland,26977,15826,11151
2011,Vacaville,,,
2011,Vallejo,40152,22589,17563
2011,Victorville,30374,18615,11759
2011,Visalia,42048,24913,17135
2011,Vista,29827,14835,14992
2011,Walnut Creek,,,
2011,West Covina,32136,21301,10835
2011,Westminster,28550,15712,12838
2011,Whittier,26922,14951,11971
2011,Yorba Linda,,,
2011,Yuba City,21943,13366,8577
2012,Alameda,30582,13736,16846
2012,Alhambra,29217,11761,17456
2012,Anaheim,98156,44315,53841
2012,Antioch,33563,20789,12774
2012,Apple Valley,22603,13651,8952
2012,Arden-Arcade,39940,17633,22307
2012,Bakersfield,111053,63168,47885
2012,Baldwin Park,17397,10013,7384
2012,Bellflower,23680,8185,15495
2012,Berkeley,45674,19348,26326
2012,Buena Park,23548,13894,9654
2012,Burbank,40484,17498,22986
2012,Camarillo,,,
2012,Carlsbad,,,
2012,Carson,24646,18381,6265
2012,Chico,,,
2012,Chino,22287,14838,7449
2012,Chino Hills,,,
2012,Chula Vista,75942,45161,30781
2012,Citrus Heights,33628,18198,15430
2012,Clovis,33177,19125,14052
2012,Compton,22834,12881,9953
2012,Concord,44634,25235,19399
2012,Corona,44677,29587,15090
2012,Costa Mesa,41997,15542,26455
2012,Daly City,29976,16209,13767
2012,Davis,24361,10376,13985
2012,Downey,33310,16281,17029
2012,East Los Angeles,30707,9607,21100
2012,El Cajon,33891,12557,21334
2012,Elk Grove,47747,33880,13867
2012,El Monte,29423,11951,17472
2012,Escondido,44909,21119,23790
2012,Fairfield,34238,19694,14544
2012,Florence-Graham,13733,4564,9169
2012,Folsom,,,
2012,Fontana,48641,32298,16343
2012,Fremont,69398,43989,25409
2012,Fresno,162149,74075,88074
2012,Fullerton,44685,24152,20533
2012,Garden Grove,48514,25686,22828
2012,Glendale,68952,25820,43132
2012,Hawthorne,28649,7138,21511
2012,Hayward,45451,23844,21607
2012,Hemet,28354,15256,13098
2012,Hesperia,27082,15378,11704
2012,Huntington Beach,70689,40518,30171
2012,Indio,22504,13580,8924
2012,Inglewood,36292,11527,24765
2012,Irvine,82613,37707,44906
2012,Jurupa Valley,23813,14787,9026
2012,Lake Forest,26688,19201,7487
2012,Lakewood,27003,19148,7855
2012,Lancaster,46483,27997,18486
2012,Livermore,29482,20346,9136
2012,Long Beach,164220,64711,99509
2012,Los Angeles,1332587,489794,842793
2012,Lynwood,14759,6685,8074
2012,Manteca,23010,12770,10240
2012,Menifee,27132,20385,6747
2012,Merced,25497,12125,13372
2012,Milpitas,19646,12798,6848
2012,Mission Viejo,,,
2012,Modesto,69451,36473,32978
2012,Moreno Valley,53127,30016,23111
2012,Mountain View,32271,11593,20678
2012,Murrieta,,,
2012,Napa,28062,15416,12646
2012,Newport Beach,,,
2012,Norwalk,27258,18388,8870
2012,Oakland,156482,61480,95002
2012,Oceanside,58115,35376,22739
2012,Ontario,44699,23800,20899
2012,Orange,42515,25284,17231
2012,Oxnard,50282,27837,22445
2012,Palmdale,40878,24300,16578
2012,Palo Alto,26610,15165,11445
2012,Pasadena,55992,23127,32865
2012,Perris,15834,8081,7753
2012,Pittsburg,19746,10849,8897
2012,Pleasanton,,,
2012,Pomona,38417,21097,17320
2012,Rancho Cordova,24202,14101,10101
2012,Rancho Cucamonga,52957,34023,18934
2012,Redding,35360,18437,16923
2012,Redlands,,,
2012,Redondo Beach,,,
2012,Redwood City,28871,14103,14768
2012,Rialto,23880,14684,9196
2012,Richmond,38952,18580,20372
2012,Riverside,91813,50599,41214
2012,Roseville,,,
2012,Sacramento,177325,84468,92857
2012,Salinas,39429,16072,23357
2012,San Bernardino,56187,27669,28518
2012,San Buenaventura (Ventura),40725,22103,18622
2012,San Diego,473842,221253,252589
2012,San Francisco,346842,124739,222103
2012,San Jose,310126,174216,135910
2012,San Leandro,29828,15651,14177
2012,San Marcos,30911,18700,12211
2012,San Mateo,37129,18503,18626
2012,San Ramon,,,
2012,Santa Ana,71272,31761,39511
2012,Santa Barbara,34234,13680,20554
2012,Santa Clara,42493,19866,22627
2012,Santa Clarita,58774,40095,18679
2012,Santa Maria,26420,12781,13639
2012,Santa Monica,43729,12994,30735
2012,Santa Rosa,62825,33576,29249
2012,Simi Valley,42642,30747,11895
2012,South Gate,23460,11510,11950
2012,South San Francisco,21417,11828,9589
2012,Stockton,90754,44585,46169
2012,Sunnyvale,54075,24562,29513
2012,Temecula,29877,19354,10523
2012,Thousand Oaks,44979,32666,12313
2012,Torrance,56709,32290,24419
2012,Tracy,23332,15270,8062
2012,Turlock,23922,12537,11385
2012,Tustin,25315,12453,12862
2012,Union City,20137,13293,6844
2012,Upland,26452,14029,12423
2012,Vacaville,31090,18547,12543
2012,Vallejo,39666,21898,17768
2012,Victorville,31479,19562,11917
2012,Visalia,41717,23721,17996
2012,Vista,31892,14778,17114
2012,Walnut Creek,,,
2012,West Covina,29980,18782,11198
2012,Westminster,26057,14267,11790
2012,Whittier,28237,16164,12073
2012,Yorba Linda,,,
2012,Yuba City,21338,11749,9589
2013,Alameda,29846,13328,16518
2013,Alhambra,30595,12040,18555
2013,Anaheim,99302,46912,52390
2013,Antioch,34223,20086,14137
2013,Apple Valley,,,
2013,Arden-Arcade,40190,17034,23156
2013,Bakersfield,111136,57750,53386
2013,Baldwin Park,17758,10679,7079
2013,Bellflower,22988,10637,12351
2013,Berkeley,46030,18913,27117
2013,Buena Park,23151,11923,11228
2013,Burbank,42757,16505,26252
2013,Camarillo,,,
2013,Carlsbad,,,
2013,Carmichael,26047,13365,12682
2013,Carson,25239,19075,6164
2013,Chico,35302,15363,19939
2013,Chino,19107,13955,5152
2013,Chino Hills,23398,17666,5732
2013,Chula Vista,76687,44919,31768
2013,Citrus Heights,,,
2013,Clovis,32778,19740,13038
2013,Compton,22811,12031,10780
2013,Concord,45531,27781,17750
2013,Corona,48285,31035,17250
2013,Costa Mesa,40177,15937,24240
2013,Daly City,32096,18293,13803
2013,Davis,,,
2013,Downey,31998,16946,15052
2013,East Los Angeles,32464,10415,22049
2013,El Cajon,32581,12258,20323
2013,Elk Grove,48838,34726,14112
2013,El Monte,31419,11514,19905
2013,Escondido,44668,21411,23257
2013,Fairfield,34112,17433,16679
2013,Folsom,,,
2013,Fontana,46968,30755,16213
2013,Fremont,74204,45501,28703
2013,Fresno,161474,74135,87339
2013,Fullerton,44304,22887,21417
2013,Garden Grove,46034,25896,20138
2013,Glendale,70660,24129,46531
2013,Hawthorne,29038,7892,21146
2013,Hayward,46879,23596,23283
2013,Hemet,30364,17628,12736
2013,Hesperia,25290,14896,10394
2013,Huntington Beach,74461,42075,32386
2013,Indio,26368,16256,10112
2013,Inglewood,36681,13108,23573
2013,Irvine,84808,42335,42473
2013,Jurupa Valley,24998,15378,9620
2013,Lake Forest,26534,18119,8415
2013,Lakewood,25341,17132,8209
2013,Lancaster,50583,27847,22736
2013,Livermore,29509,20506,9003
2013,Long Beach,165125,66960,98165
2013,Los Angeles,1320167,473615,846552
2013,Lynwood,15031,6289,8742
2013,Manteca,21845,13016,8829
2013,Menifee,27774,19737,8037
2013,Merced,24848,9460,15388
2013,Milpitas,20668,13130,7538
2013,Mission Viejo,34809,28634,6175
2013,Modesto,69496,36802,32694
2013,Moreno Valley,50253,29920,20333
2013,Mountain View,32824,14348,18476
2013,Murrieta,,,
2013,Napa,27476,14710,12766
2013,Newport Beach,,,
2013,Norwalk,27085,16657,10428
2013,Oakland,154214,62058,92156
2013,Oceanside,63130,32875,30255
2013,Ontario,47233,25486,21747
2013,Orange,41979,23293,18686
2013,Oxnard,50820,26918,23902
2013,Palmdale,44467,29108,15359
2013,Palo Alto,,,
2013,Pasadena,54352,24013,30339
2013,Perris,16881,10439,6442
2013,Pittsburg,21368,10397,10971
2013,Pleasanton,,,
2013,Pomona,39470,20512,18958
2013,Rancho Cordova,24032,12681,11351
2013,Rancho Cucamonga,54674,33249,21425
2013,Redding,35087,18191,16896
2013,Redlands,23956,13817,10139
2013,Redondo Beach,,,
2013,Redwood City,28091,14352,13739
2013,Rialto,25482,15531,9951
2013,Richmond,36004,18095,17909
2013,Riverside,89596,47916,41680
2013,Roseville,45988,28126,17862
2013,Sacramento,175350,80708,94642
2013,Salinas,40369,17361,23008
2013,San Bernardino,56274,26254,30020
2013,San Buenaventura (Ventura),41793,21920,19873
2013,San Clemente,,,
2013,San Diego,480730,223667,257063
2013,San Francisco,354651,127211,227440
2013,San Jose,314210,175835,138375
2013,San Leandro,32580,17626,14954
2013,San Marcos,29636,17379,12257
2013,San Mateo,38499,21109,17390
2013,San Ramon,25017,17813,7204
2013,Santa Ana,76284,32054,44230
2013,Santa Barbara,34423,12743,21680
2013,Santa Clara,43279,18936,24343
2013,Santa Clarita,59940,41134,18806
2013,Santa Maria,27198,14078,13120
2013,Santa Monica,48280,11278,37002
2013,Santa Rosa,64997,33497,31500
2013,Simi Valley,42958,31236,11722
2013,South Gate,23076,11755,11321
2013,South San Francisco,19958,12341,7617
2013,South Whittier,15763,9523,6240
2013,Stockton,90883,42961,47922
2013,Sunnyvale,56034,26264,29770
2013,Temecula,31802,20091,11711
2013,Thousand Oaks,46716,32439,14277
2013,Torrance,56789,30749,26040
2013,Tracy,25150,14861,10289
2013,Turlock,23333,11482,11851
2013,Tustin,25415,12357,13058
2013,Union City,20006,12237,7769
2013,Upland,27452,15681,11771
2013,Vacaville,,,
2013,Vallejo,41895,24766,17129
2013,Victorville,31317,17518,13799
2013,Visalia,42999,22702,20297
2013,Vista,33065,15993,17072
2013,Walnut Creek,,,
2013,West Covina,30801,19648,11153
2013,Westminster,27154,14512,12642
2013,Whittier,27299,16173,11126
2013,Yorba Linda,,,
2013,Yuba City,20950,11244,9706
2014,Alameda,30574,14488,16086
2014,Alhambra,27880,11089,16791
2014,Anaheim,99402,46722,52680
2014,Antioch,34536,20583,13953
2014,Apple Valley,23822,15229,8593
2014,Arden-Arcade,40282,18806,21476
2014,Bakersfield,114774,64655,50119
2014,Baldwin Park,19153,10291,8862
2014,Bellflower,23975,9622,14353
2014,Berkeley,43322,17663,25659
2014,Buena Park,24001,12837,11164
2014,Burbank,42396,17000,25396
2014,Camarillo,,,
2014,Carlsbad,,,
2014,Carmichael,27254,14924,12330
2014,Carson,25325,18453,6872
2014,Chico,,,
2014,Chino,18218,11883,6335
2014,Chino Hills,21940,16280,5660
2014,Chula Vista,78058,44241,33817
2014,Citrus Heights,33709,18830,14879
2014,Clovis,34358,19226,15132
2014,Compton,23763,13818,9945
2014,Concord,45111,25567,19544
2014,Corona,50041,32391,17650
2014,Costa Mesa,38510,14843,23667
2014,Daly City,29834,15184,14650
2014,Davis,25702,10839,14863
2014,Downey,34629,16739,17890
2014,East Los Angeles,31598,11632,19966
2014,El Cajon,31028,11036,19992
2014,Elk Grove,50142,34219,15923
2014,El Monte,30516,12715,17801
2014,Escondido,44612,20879,23733
2014,Fairfield,35360,20150,15210
2014,Folsom,,,
2014,Fontana,51347,30408,20939
2014,Fremont,73007,44177,28830
2014,Fresno,163875,74570,89305
2014,Fullerton,44648,21325,23323
2014,Garden Grove,46959,26351,20608
2014,Glendale,72163,24607,47556
2014,Hawthorne,31391,6692,24699
2014,Hayward,49031,25597,23434
2014,Hemet,31058,16746,14312
2014,Hesperia,26853,17650,9203
2014,Huntington Beach,76357,45417,30940
2014,Indio,27184,17879,9305
2014,Inglewood,36439,12379,24060
2014,Irvine,90513,43772,46741
2014,Jurupa Valley,23734,15551,8183
2014,Laguna Niguel,,,
2014,Lake Forest,25428,18149,7279
2014,Lakewood,25755,18528,7227
2014,Lancaster,47527,26711,20816
2014,Livermore,30976,20580,10396
2014,Long Beach,161870,63817,98053
2014,Los Angeles,1343084,492658,850426
2014,Lynwood,15577,5521,10056
2014,Manteca,23295,14242,9053
2014,Menifee,27000,20051,6949
2014,Merced,26930,10458,16472
2014,Milpitas,21145,13707,7438
2014,Mission Viejo,32761,25716,7045
2014,Modesto,71759,39213,32546
2014,Moreno Valley,50308,28900,21408
2014,Mountain View,33647,13412,20235
2014,Murrieta,32617,21553,11064
2014,Napa,29117,16738,12379
2014,Newport Beach,,,
2014,Norwalk,26336,17785,8551
2014,Oakland,156724,61633,95091
2014,Oceanside,62000,34958,27042
2014,Ontario,47375,25296,22079
2014,Orange,41868,23149,18719
2014,Oxnard,51646,28692,22954
2014,Palmdale,43658,29420,14238
2014,Palo Alto,,,
2014,Pasadena,53100,22126,30974
2014,Perris,16481,10402,6079
2014,Pittsburg,20071,12407,7664
2014,Pleasanton,26340,17746,8594
2014,Pomona,39439,19439,20000
2014,Rancho Cordova,24395,13104,11291
2014,Rancho Cucamonga,58305,35221,23084
2014,Redding,33424,16776,16648
2014,Redlands,21806,11844,9962
2014,Redondo Beach,,,
2014,Redwood City,29245,14506,14739
2014,Rialto,25834,16003,9831
2014,Richmond,39235,17717,21518
2014,Riverside,90204,48317,41887
2014,Roseville,48152,31345,16807
2014,Sacramento,177553,80242,97311
2014,Salinas,39390,17654,21736
2014,San Bernardino,54615,25583,29032
2014,San Buenaventura (Ventura),42233,22504,19729
2014,San Clemente,,,
2014,San Diego,493446,228695,264751
2014,San Francisco,353406,132837,220569
2014,San Jose,312227,178786,133441
2014,San Leandro,33134,17078,16056
2014,San Marcos,28337,16972,11365
2014,San Mateo,39763,21904,17859
2014,San Ramon,24199,16676,7523
2014,Santa Ana,78068,35350,42718
2014,Santa Barbara,35786,14126,21660
2014,Santa Clara,44068,18249,25819
2014,Santa Clarita,58505,38906,19599
2014,Santa Maria,26846,13024,13822
2014,Santa Monica,46474,13102,33372
2014,Santa Rosa,65282,34829,30453
2014,Simi Valley,42595,29725,12870
2014,South Gate,23254,9880,13374
2014,South San Francisco,22319,13495,8824
2014,Stockton,95166,42962,52204
2014,Sunnyvale,54473,25441,29032
2014,Temecula,33643,22755,10888
2014,Thousand Oaks,45863,32716,13147
2014,Torrance,53971,28761,25210
2014,Tracy,23424,14160,9264
2014,Turlock,24667,12278,12389
2014,Tustin,26426,13142,13284
2014,Union City,20605,13030,7575
2014,Upland,28151,14972,13179
2014,Vacaville,32430,19320,13110
2014,Vallejo,41802,21668,20134
2014,Victorville,31716,17133,14583
2014,Visalia,41367,25495,15872
2014,Vista,29165,13943,15222
2014,Walnut Creek,,,
2014,West Covina,30607,20612,9995
2014,Westminster,28260,14199,14061
2014,Whittier,26240,15243,10997
2014,Yorba Linda,,,
2014,Yuba City,22264,12558,9706
2015,Alameda,"30,710","13,544","17,166"
2015,Alhambra,"29,362","12,184","17,178"
2015,Anaheim,"99,991","43,468","56,523"
2015,Antioch,"33,214","18,808","14,406"
2015,Apple Valley town,"23,644","15,407","8,237"
2015,Arden-Arcade,"43,562","17,695","25,867"
2015,Bakersfield,"114,383","66,085","48,298"
2015,Baldwin Park,"18,541","10,092","8,449"
2015,Bellflower,"21,729","8,708","13,021"
2015,Berkeley,"46,277","20,634","25,643"
2015,Buena Park,"23,264","12,879","10,385"
2015,Burbank,"41,633","16,053","25,580"
2015,Camarillo,"24,247","15,917","8,330"
2015,Carlsbad,,,
2015,Carmichael,"25,951","13,511","12,440"
2015,Carson,"24,956","18,807","6,149"
2015,Chico,"34,919","15,368","19,551"
2015,Chino,"17,610","10,687","6,923"
2015,Chino Hills,"25,659","19,552","6,107"
2015,Chula Vista,"79,461","46,645","32,816"
2015,Citrus Heights,"34,610","18,581","16,029"
2015,Clovis,"37,621","23,159","14,462"
2015,Compton,"23,978","12,089","11,889"
2015,Concord,"46,885","27,146","19,739"
2015,Corona,"55,011","35,239","19,772"
2015,Costa Mesa,"42,871","15,465","27,406"
2015,Daly City,"32,434","18,296","14,138"
2015,Davis,"24,426","11,307","13,119"
2015,Downey,"32,932","17,130","15,802"
2015,East Los Angeles,"31,853","9,978","21,875"
2015,El Cajon,"32,120","11,940","20,180"
2015,Elk Grove,"49,724","36,615","13,109"
2015,El Monte,"31,474","11,944","19,530"
2015,Escondido,"45,676","22,604","23,072"
2015,Fairfield,"35,392","19,774","15,618"
2015,Florence-Graham,"14,511","5,439","9,072"
2015,Folsom,,,
2015,Fontana,"49,811","30,366","19,445"
2015,Fremont,"73,846","45,279","28,567"
2015,Fresno,"163,473","74,671","88,802"
2015,Fullerton,"46,220","23,511","22,709"
2015,Garden Grove,"47,381","23,948","23,433"
2015,Glendale,"74,215","24,521","49,694"
2015,Hawthorne,"29,545","7,678","21,867"
2015,Hayward,"46,909","23,046","23,863"
2015,Hemet,"27,881","15,101","12,780"
2015,Hesperia,"26,458","14,584","11,874"
2015,Huntington Beach,"75,158","42,652","32,506"
2015,Indio,"28,165","17,227","10,938"
2015,Inglewood,"35,250","12,732","22,518"
2015,Irvine,"91,186","42,073","49,113"
2015,Jurupa Valley,"25,741","17,552","8,189"
2015,Laguna Niguel,"25,350","18,251","7,099"
2015,Lake Forest,"29,726","19,769","9,957"
2015,Lakewood,"26,001","18,153","7,848"
2015,Lancaster,"47,372","24,785","22,587"
2015,Livermore,"30,146","21,523","8,623"
2015,Long Beach,"167,660","65,380","102,280"
2015,Los Angeles,"1,360,164","489,367","870,797"
2015,Lynwood,"15,616","6,537","9,079"
2015,Manteca,"23,005","12,237","10,768"
2015,Menifee,"28,384","21,116","7,268"
2015,Merced,"25,848","10,427","15,421"
2015,Milpitas,"22,756","14,331","8,425"
2015,Mission Viejo,,,
2015,Modesto,"70,114","37,951","32,163"
2015,Moreno Valley,"52,091","33,087","19,004"
2015,Mountain View,"32,514","13,211","19,303"
2015,Murrieta,"33,068","20,499","12,569"
2015,Napa,"27,905","15,121","12,784"
2015,Newport Beach,"36,146","20,632","15,514"
2015,Norwalk,"27,139","15,382","11,757"
2015,Oakland,"161,104","62,735","98,369"
2015,Oceanside,"64,200","36,724","27,476"
2015,Ontario,"48,463","23,917","24,546"
2015,Orange,"42,686","24,200","18,486"
2015,Oxnard,"50,396","25,461","24,935"
2015,Palmdale,"44,629","29,264","15,365"
2015,Palo Alto,"26,030","14,056","11,974"
2015,Pasadena,"52,636","22,863","29,773"
2015,Perris,"15,614","9,308","6,306"
2015,Pittsburg,"21,934","11,742","10,192"
2015,Pleasanton,,,
2015,Pomona,"40,843","21,163","19,680"
2015,Rancho Cordova,"24,656","12,972","11,684"
2015,Rancho Cucamonga,"54,106","30,991","23,115"
2015,Redding,"36,937","19,273","17,664"
2015,Redlands,"24,203","13,849","10,354"
2015,Redondo Beach,,,
2015,Redwood City,"31,716","17,014","14,702"
2015,Rialto,"26,750","16,401","10,349"
2015,Richmond,"37,778","17,318","20,460"
2015,Riverside,"92,408","50,101","42,307"
2015,Roseville,"47,520","30,560","16,960"
2015,Sacramento,"177,131","81,025","96,106"
2015,Salinas,"41,925","17,534","24,391"
2015,San Bernardino,"57,585","25,958","31,627"
2015,San Buenaventura (Ventura),"40,166","21,998","18,168"
2015,San Clemente,,,
2015,San Diego,"497,663","225,624","272,039"
2015,San Francisco,"356,916","127,804","229,112"
2015,San Jose,"323,133","183,019","140,114"
2015,San Leandro,"32,325","17,164","15,161"
2015,San Marcos,"29,407","17,678","11,729"
2015,San Mateo,"38,658","22,000","16,658"
2015,San Ramon,"24,569","17,392","7,177"
2015,Santa Ana,"72,177","32,567","39,610"
2015,Santa Barbara,"36,016","14,308","21,708"
2015,Santa Clara,"43,971","19,048","24,923"
2015,Santa Clarita,"59,863","40,710","19,153"
2015,Santa Maria,"27,144","12,585","14,559"
2015,Santa Monica,"45,678","12,971","32,707"
2015,Santa Rosa,"63,648","31,649","31,999"
2015,Simi Valley,"40,269","29,751","10,518"
2015,South Gate,"24,276","9,749","14,527"
2015,South San Francisco,"19,995","12,922","7,073"
2015,Stockton,"94,561","45,892","48,669"
2015,Sunnyvale,"55,157","24,635","30,522"
2015,Temecula,"33,487","20,748","12,739"
2015,Thousand Oaks,,,
2015,Torrance,"54,436","29,861","24,575"
2015,Tracy,"25,423","15,659","9,764"
2015,Turlock,"25,993","13,614","12,379"
2015,Tustin,"24,433","12,141","12,292"
2015,Union City,"21,306","14,418","6,888"
2015,Upland,"27,427","15,155","12,272"
2015,Vacaville,"31,103","18,378","12,725"
2015,Vallejo,"42,429","23,631","18,798"
2015,Victorville,"33,774","17,110","16,664"
2015,Visalia,"41,345","24,096","17,249"
2015,Vista,"28,142","12,766","15,376"
2015,Walnut Creek,,,
2015,West Covina,"30,233","19,756","10,477"
2015,Westminster,"28,002","14,785","13,217"
2015,Whittier,"27,548","14,753","12,795"
2015,Yorba Linda,,,
2015,Yuba City,"22,787","11,647","11,140"
2016,Alameda,"30,338","15,611","14,727"
2016,Alhambra,"27,960","11,080","16,880"
2016,Anaheim,"99,255","41,228","58,027"
2016,Antioch,"34,163","21,027","13,136"
2016,Apple Valley town,"24,012","14,109","9,903"
2016,Arden-Arcade,"42,909","18,701","24,208"
2016,Bakersfield,"116,507","66,709","49,798"
2016,Baldwin Park,"16,714","9,767","6,947"
2016,Bellflower,"23,038","8,962","14,076"
2016,Berkeley,"46,078","19,127","26,951"
2016,Buena Park,"23,555","13,288","10,267"
2016,Burbank,"40,724","16,858","23,866"
2016,Camarillo,"23,168","14,639","8,529"
2016,Carlsbad,"41,640","27,480","14,160"
2016,Carmichael,"25,154","13,068","12,086"
2016,Carson,"25,790","19,034","6,756"
2016,Castro Valley,"24,034","15,644","8,390"
2016,Chico,"34,985","15,089","19,896"
2016,Chino,"20,149","11,610","8,539"
2016,Chino Hills,,,
2016,Chula Vista,"79,639","44,929","34,710"
2016,Citrus Heights,"34,269","19,714","14,555"
2016,Clovis,"35,979","21,279","14,700"
2016,Compton,"22,458","11,982","10,476"
2016,Concord,"45,848","25,601","20,247"
2016,Corona,"50,765","32,411","18,354"
2016,Costa Mesa,"38,127","14,023","24,104"
2016,Daly City,"32,969","18,472","14,497"
2016,Davis,"23,542","10,319","13,223"
2016,Downey,"32,646","14,820","17,826"
2016,East Los Angeles,"33,058","10,498","22,560"
2016,El Cajon,"32,447","12,443","20,004"
2016,Elk Grove,,,
2016,El Monte,"27,249","10,912","16,337"
2016,Escondido,"45,367","22,081","23,286"
2016,Fairfield,"38,027","21,089","16,938"
2016,Florence-Graham,"15,084","5,310","9,774"
2016,Folsom,,,
2016,Fontana,"57,868","37,298","20,570"
2016,Fremont,"71,599","41,830","29,769"
2016,Fresno,"166,288","77,261","89,027"
2016,Fullerton,"45,635","23,334","22,301"
2016,Garden Grove,"47,718","24,374","23,344"
2016,Glendale,"75,013","25,130","49,883"
2016,Hawthorne,"28,870","7,750","21,120"
2016,Hayward,"45,792","23,255","22,537"
2016,Hemet,"29,465","16,155","13,310"
2016,Hesperia,"26,802","16,496","10,306"
2016,Huntington Beach,"78,998","47,198","31,800"
2016,Indio,"30,887","21,176","9,711"
2016,Inglewood,"38,724","14,052","24,672"
2016,Irvine,"94,321","45,894","48,427"
2016,Jurupa Valley,"24,850","15,256","9,594"
2016,Laguna Niguel,"24,116","16,861","7,255"
2016,Lake Forest,"29,496","20,205","9,291"
2016,Lakewood,"24,806","18,058","6,748"
2016,Lancaster,"49,934","24,035","25,899"
2016,Livermore,"30,749","21,890","8,859"
2016,Long Beach,"160,769","60,615","100,154"
2016,Los Angeles,"1,378,844","494,533","884,311"
2016,Lynwood,"14,840","5,962","8,878"
2016,Manteca,"24,828","14,325","10,503"
2016,Menifee,"29,148","21,438","7,710"
2016,Merced,"24,221","8,697","15,524"
2016,Milpitas,"22,870","14,306","8,564"
2016,Mission Viejo,,,
2016,Modesto,"70,591","38,688","31,903"
2016,Moreno Valley,"49,785","28,145","21,640"
2016,Mountain View,"32,696","13,214","19,482"
2016,Murrieta,"31,090","20,950","10,140"
2016,Napa,"30,017","17,087","12,930"
2016,Newport Beach,"37,351","21,514","15,837"
2016,Norwalk,"26,883","16,864","10,019"
2016,Oakland,"158,084","60,549","97,535"
2016,Oceanside,"62,661","32,014","30,647"
2016,Ontario,"49,020","26,807","22,213"
2016,Orange,"43,533","23,784","19,749"
2016,Oxnard,"49,895","26,337","23,558"
2016,Palmdale,"44,225","27,190","17,035"
2016,Palo Alto,"28,228","15,506","12,722"
2016,Pasadena,"55,291","22,860","32,431"
2016,Perris,"17,261","10,643","6,618"
2016,Pittsburg,"20,509","11,542","8,967"
2016,Pleasanton,"29,774","20,930","8,844"
2016,Pomona,"35,503","17,520","17,983"
2016,Rancho Cordova,"24,611","14,220","10,391"
2016,Rancho Cucamonga,"57,514","33,320","24,194"
2016,Redding,"36,472","20,400","16,072"
2016,Redlands,"24,217","12,892","11,325"
2016,Redondo Beach,,,
2016,Redwood City,"30,293","13,960","16,333"
2016,Rialto,"26,445","16,691","9,754"
2016,Richmond,"34,949","17,949","17,000"
2016,Riverside,"91,360","47,603","43,757"
2016,Roseville,"48,500","31,516","16,984"
2016,Sacramento,"183,212","87,140","96,072"
2016,Salinas,"39,274","16,746","22,528"
2016,San Bernardino,"57,920","25,782","32,138"
2016,San Buenaventura (Ventura),"40,630","23,022","17,608"
2016,San Clemente,,,
2016,San Diego,"495,726","226,554","269,172"
2016,San Francisco,"358,703","136,000","222,703"
2016,San Jose,"320,447","182,315","138,132"
2016,San Leandro,"34,977","19,979","14,998"
2016,San Marcos,"28,706","18,278","10,428"
2016,San Mateo,"38,710","21,215","17,495"
2016,San Ramon,"25,847","18,488","7,359"
2016,Santa Ana,"74,294","33,150","41,144"
2016,Santa Barbara,"36,514","14,820","21,694"
2016,Santa Clara,"44,392","19,517","24,875"
2016,Santa Clarita,"61,687","42,517","19,170"
2016,Santa Maria,"27,248","12,993","14,255"
2016,Santa Monica,"47,265","13,089","34,176"
2016,Santa Rosa,"64,202","36,122","28,080"
2016,Simi Valley,"41,020","29,264","11,756"
2016,South Gate,"23,762","10,076","13,686"
2016,South San Francisco,"20,881","11,830","9,051"
2016,Stockton,"95,851","44,188","51,663"
2016,Sunnyvale,"56,245","25,653","30,592"
2016,Temecula,"32,551","20,261","12,290"
2016,Thousand Oaks,"46,830","33,013","13,817"
2016,Torrance,"53,614","29,321","24,293"
2016,Tracy,"26,744","15,526","11,218"
2016,Turlock,"25,137","13,382","11,755"
2016,Tustin,"27,573","12,476","15,097"
2016,Union City,"21,702","13,629","8,073"
2016,Upland,"27,326","14,003","13,323"
2016,Vacaville,,,
2016,Vallejo,"40,419","21,545","18,874"
2016,Victorville,"32,803","17,052","15,751"
2016,Visalia,"41,357","24,940","16,417"
2016,Vista,"30,416","14,604","15,812"
2016,Walnut Creek,,,
2016,West Covina,"30,803","17,745","13,058"
2016,Westminster,"27,587","13,486","14,101"
2016,Whittier,"27,597","15,575","12,022"
2016,Yorba Linda,"21,941","17,845","4,096"
2016,Yuba City,"22,096","10,235","11,861"
2017,Alameda,"30,662","14,011","16,651"
2017,Alhambra,"30,255","11,545","18,710"
2017,Anaheim,"98,734","43,552","55,182"
2017,Antioch,"34,423","21,204","13,219"
2017,Apple Valley town,,,
2017,Arden-Arcade,"40,788","16,773","24,015"
2017,Bakersfield,"118,508","66,449","52,059"
2017,Baldwin Park,"17,725","9,503","8,222"
2017,Bellflower,"24,796","9,448","15,348"
2017,Berkeley,"43,770","19,261","24,509"
2017,Buena Park,"23,627","12,510","11,117"
2017,Burbank,"40,981","16,729","24,252"
2017,Camarillo,,,
2017,Carlsbad,,,
2017,Carmichael,"25,537","14,243","11,294"
2017,Carson,"26,070","18,338","7,732"
2017,Castro Valley,,,
2017,Chico,"37,547","16,303","21,244"
2017,Chino,"20,484","12,228","8,256"
2017,Chino Hills,,,
2017,Chula Vista,"80,417","45,564","34,853"
2017,Citrus Heights,"33,598","18,545","15,053"
2017,Clovis,"35,855","22,543","13,312"
2017,Compton,"23,360","12,209","11,151"
2017,Concord,"45,868","28,379","17,489"
2017,Corona,"47,942","31,162","16,780"
2017,Costa Mesa,"40,927","16,418","24,509"
2017,Daly City,"29,162","16,796","12,366"
2017,Davis,,,
2017,Downey,"33,578","17,537","16,041"
2017,East Los Angeles,"31,910","9,890","22,020"
2017,El Cajon,"33,587","12,929","20,658"
2017,Elk Grove,"53,661","39,088","14,573"
2017,El Monte,"27,987","11,836","16,151"
2017,Escondido,"46,250","22,811","23,439"
2017,Fairfield,"37,324","20,495","16,829"
2017,Florence-Graham,"14,918","5,789","9,129"
2017,Folsom,,,
2017,Fontana,"52,767","35,302","17,465"
2017,Fremont,"72,148","46,122","26,026"
2017,Fresno,"169,409","79,723","89,686"
2017,Fullerton,"45,632","22,958","22,674"
2017,Garden Grove,"48,036","24,766","23,270"
2017,Glendale,"74,613","24,637","49,976"
2017,Hawthorne,"29,450","7,063","22,387"
2017,Hayward,"46,860","24,593","22,267"
2017,Hemet,"29,725","18,035","11,690"
2017,Hesperia,"25,398","17,213","8,185"
2017,Huntington Beach,"77,155","44,900","32,255"
2017,Indio,"35,675","25,949","9,726"
2017,Inglewood,"35,788","12,878","22,910"
2017,Irvine,"97,161","45,478","51,683"
2017,Jurupa Valley,"23,784","16,502","7,282"
2017,Laguna Niguel,,,
2017,Lake Elsinore,"16,388","10,663","5,725"
2017,Lake Forest,"29,519","20,436","9,083"
2017,Lakewood,"25,186","17,703","7,483"
2017,Lancaster,"48,327","26,417","21,910"
2017,Livermore,,,
2017,Lodi,"22,454","10,771","11,683"
2017,Long Beach,"167,447","68,066","99,381"
2017,Los Angeles,"1,384,851","506,790","878,061"
2017,Lynwood,"15,263","6,703","8,560"
2017,Madera,"18,079","8,406","9,673"
2017,Manteca,"24,573","15,378","9,195"
2017,Menifee,"28,891","21,923","6,968"
2017,Merced,"26,278","10,577","15,701"
2017,Milpitas,"22,128","14,364","7,764"
2017,Mission Viejo,,,
2017,Modesto,"72,621","39,131","33,490"
2017,Moreno Valley,"48,908","28,738","20,170"
2017,Mountain View,"33,177","13,709","19,468"
2017,Murrieta,,,
2017,Napa,"28,790","17,415","11,375"
2017,Newport Beach,,,
2017,Norwalk,"27,661","18,216","9,445"
2017,Oakland,"158,851","62,467","96,384"
2017,Oceanside,"61,138","35,832","25,306"
2017,Ontario,"50,572","27,061","23,511"
2017,Orange,"42,663","24,385","18,278"
2017,Oxnard,"52,717","28,541","24,176"
2017,Palmdale,"42,005","25,367","16,638"
2017,Palo Alto,,,
2017,Pasadena,"54,177","22,972","31,205"
2017,Perris,"15,947","10,468","5,479"
2017,Pittsburg,"20,784","11,433","9,351"
2017,Pleasanton,,,
2017,Pomona,"38,980","21,445","17,535"
2017,Rancho Cordova,"25,850","13,589","12,261"
2017,Rancho Cucamonga,"52,731","33,620","19,111"
2017,Redding,,,
2017,Redlands,,,
2017,Redondo Beach,,,
2017,Redwood City,"32,344","16,319","16,025"
2017,Rialto,"26,699","16,339","10,360"
2017,Richmond,"37,029","18,859","18,170"
2017,Riverside,"86,905","46,148","40,757"
2017,Roseville,"50,198","32,728","17,470"
2017,Sacramento,"189,193","91,978","97,215"
2017,Salinas,"41,218","18,880","22,338"
2017,San Bernardino,"60,714","29,869","30,845"
2017,San Buenaventura (Ventura),"41,338","21,649","19,689"
2017,San Clemente,"25,366","16,680","8,686"
2017,San Diego,"504,208","237,233","266,975"
2017,San Francisco,"360,323","131,576","228,747"
2017,San Jose,"321,913","184,716","137,197"
2017,San Leandro,"33,458","18,890","14,568"
2017,San Marcos,"29,611","19,199","10,412"
2017,San Mateo,"39,660","20,788","18,872"
2017,San Ramon,"24,317","17,834","6,483"
2017,Santa Ana,"76,650","35,239","41,411"
2017,Santa Barbara,"40,145","16,755","23,390"
2017,Santa Clara,"43,159","18,445","24,714"
2017,Santa Clarita,"67,564","45,075","22,489"
2017,Santa Cruz,,,
2017,Santa Maria,"27,968","14,064","13,904"
2017,Santa Monica,"45,258","13,529","31,729"
2017,Santa Rosa,"64,155","35,289","28,866"
2017,Simi Valley,"40,822","28,266","12,556"
2017,South Gate,"24,019","10,306","13,713"
2017,South San Francisco,"20,939","11,831","9,108"
2017,Stockton,"91,392","45,926","45,466"
2017,Sunnyvale,"55,024","25,645","29,379"
2017,Temecula,,,
2017,Thousand Oaks,"46,017","32,860","13,157"
2017,Torrance,"54,327","30,769","23,558"
2017,Tracy,"25,830","16,325","9,505"
2017,Turlock,,,
2017,Tustin,"27,780","13,033","14,747"
2017,Union City,"22,684","14,920","7,764"
2017,Upland,"25,582","14,371","11,211"
2017,Vacaville,"34,017","19,677","14,340"
2017,Vallejo,"41,719","23,000","18,719"
2017,Victorville,"35,088","19,493","15,595"
2017,Visalia,"43,785","26,382","17,403"
2017,Vista,"31,618","16,549","15,069"
2017,Walnut Creek,"31,648","20,843","10,805"
2017,West Covina,"29,807","18,680","11,127"
2017,Westminster,"28,876","14,902","13,974"
2017,Whittier,"26,722","15,832","10,890"
2017,Yorba Linda,,,
2017,Yuba City,"22,172","12,341","9,831"
2018,Alameda,"30,724","15,195","15,529"
2018,Alhambra,"30,556","10,796","19,760"
2018,Anaheim,"101,547","49,117","52,430"
2018,Antioch,"34,518","20,092","14,426"
2018,Apple Valley town,"24,302","16,158","8,144"
2018,Arden-Arcade,"44,426","18,558","25,868"
2018,Bakersfield,"121,615","72,020","49,595"
2018,Baldwin Park,"18,224","9,959","8,265"
2018,Bellflower,"24,333","9,768","14,565"
2018,Berkeley,"43,806","17,924","25,882"
2018,Buena Park,"23,171","13,605","9,566"
2018,Burbank,"43,060","19,462","23,598"
2018,Camarillo,,,
2018,Carlsbad,,,
2018,Carmichael,"26,271","14,087","12,184"
2018,Carson,"23,896","16,917","6,979"
2018,Castro Valley,"20,371","15,035","5,336"
2018,Chico,"37,100","16,067","21,033"
2018,Chino,"25,509","17,192","8,317"
2018,Chino Hills,,,
2018,Chula Vista,"78,112","45,443","32,669"
2018,Citrus Heights,"33,390","18,242","15,148"
2018,Clovis,"38,223","24,009","14,214"
2018,Compton,"24,489","12,704","11,785"
2018,Concord,"49,444","29,076","20,368"
2018,Corona,"43,987","28,090","15,897"
2018,Costa Mesa,"40,295","16,037","24,258"
2018,Daly City,"32,792","18,511","14,281"
2018,Davis,"24,796","10,160","14,636"
2018,Downey,"34,820","16,275","18,545"
2018,East Los Angeles,"30,851","11,480","19,371"
2018,El Cajon,"33,153","12,916","20,237"
2018,Elk Grove,"53,620","39,823","13,797"
2018,El Monte,"30,469","12,039","18,430"
2018,Escondido,"51,439","26,591","24,848"
2018,Fairfield,"38,964","22,991","15,973"
2018,Florence-Graham,"14,516","4,993","9,523"
2018,Folsom,"26,845","19,009","7,836"
2018,Fontana,"54,788","35,891","18,897"
2018,Fremont,"78,243","47,511","30,732"
2018,Fresno,"171,209","75,607","95,602"
2018,Fullerton,"45,180","24,325","20,855"
2018,Garden Grove,"44,696","24,331","20,365"
2018,Glendale,"73,675","22,305","51,370"
2018,Hawthorne,"29,174","7,534","21,640"
2018,Hayward,"48,865","25,690","23,175"
2018,Hemet,"28,544","17,259","11,285"
2018,Hesperia,"27,703","17,508","10,195"
2018,Huntington Beach,"76,622","43,446","33,176"
2018,Indio,"40,637","30,034","10,603"
2018,Inglewood,"35,518","12,383","23,135"
2018,Irvine,"100,150","46,025","54,125"
2018,Jurupa Valley,"23,872","16,767","7,105"
2018,Laguna Niguel,,,
2018,Lake Elsinore,"17,996","12,494","5,502"
2018,Lake Forest,"30,760","21,906","8,854"
2018,Lakewood,"25,993","18,312","7,681"
2018,Lancaster,"46,309","25,026","21,283"
2018,Livermore,,,
2018,Lodi,"23,951","12,041","11,910"
2018,Long Beach,"173,432","70,749","102,683"
2018,Los Angeles,"1,382,293","501,962","880,331"
2018,Lynwood,"15,979","7,161","8,818"
2018,Madera,"18,028","8,856","9,172"
2018,Manteca,,,
2018,Menifee,,,
2018,Merced,"26,075","11,333","14,742"
2018,Milpitas,"23,161","14,273","8,888"
2018,Mission Viejo,"33,011","26,139","6,872"
2018,Modesto,"70,756","39,615","31,141"
2018,Moreno Valley,"47,952","28,985","18,967"
2018,Mountain View,"33,400","13,925","19,475"
2018,Murrieta,"32,391","21,419","10,972"
2018,Napa,"28,245","16,568","11,677"
2018,Newport Beach,,,
2018,Norwalk,"26,842","17,502","9,340"
2018,Oakland,"165,590","68,336","97,254"
2018,Oceanside,"60,537","34,728","25,809"
2018,Ontario,"50,569","27,780","22,789"
2018,Orange,"42,927","25,984","16,943"
2018,Oxnard,"51,883","27,465","24,418"
2018,Palmdale,"45,320","30,558","14,762"
2018,Palo Alto,"26,518","14,024","12,494"
2018,Pasadena,"53,901","22,782","31,119"
2018,Perris,"17,206","11,250","5,956"
2018,Pittsburg,"20,823","11,468","9,355"
2018,Pleasanton,"27,955","20,283","7,672"
2018,Pomona,"39,422","19,559","19,863"
2018,Rancho Cordova,"27,879","17,404","10,475"
2018,Rancho Cucamonga,"56,354","33,144","23,210"
2018,Redding,"35,476","19,298","16,178"
2018,Redlands,"25,917","16,172","9,745"
2018,Redondo Beach,,,
2018,Redwood City,"29,498","14,374","15,124"
2018,Rialto,"25,485","16,505","8,980"
2018,Richmond,"36,057","18,776","17,281"
2018,Riverside,"87,341","48,020","39,321"
2018,Rocklin,"21,206","13,899","7,307"
2018,Roseville,"51,727","32,948","18,779"
2018,Sacramento,"182,677","89,678","92,999"
2018,Salinas,"39,881","17,301","22,580"
2018,San Bernardino,"58,972","27,494","31,478"
2018,San Buenaventura (Ventura),"42,744","22,551","20,193"
2018,San Clemente,,,
2018,San Diego,"513,698","240,650","273,048"
2018,San Francisco,"362,827","136,242","226,585"
2018,San Jose,"327,848","181,143","146,705"
2018,San Leandro,"30,749","17,597","13,152"
2018,San Marcos,"30,118","17,809","12,309"
2018,San Mateo,"38,951","21,443","17,508"
2018,San Ramon,"26,474","20,322","6,152"
2018,Santa Ana,"78,786","35,331","43,455"
2018,Santa Barbara,"35,647","15,072","20,575"
2018,Santa Clara,"45,173","18,356","26,817"
2018,Santa Clarita,"67,509","47,518","19,991"
2018,Santa Cruz,"21,707","10,286","11,421"
2018,Santa Maria,"26,336","12,902","13,434"
2018,Santa Monica,"44,495","12,240","32,255"
2018,Santa Rosa,"65,587","34,051","31,536"
2018,Simi Valley,"43,069","31,701","11,368"
2018,South Gate,"23,691","10,268","13,423"
2018,South San Francisco,"20,774","13,040","7,734"
2018,South Whittier,"15,783","10,966","4,817"
2018,Stockton,"95,557","42,124","53,433"
2018,Sunnyvale,"56,537","27,061","29,476"
2018,Temecula,"32,859","22,997","9,862"
2018,Thousand Oaks,"44,092","30,476","13,616"
2018,Torrance,"54,991","30,953","24,038"
2018,Tracy,"25,793","17,137","8,656"
2018,Turlock,"24,140","11,415","12,725"
2018,Tustin,"24,407","11,360","13,047"
2018,Union City,"19,990","12,574","7,416"
2018,Upland,"26,244","14,442","11,802"
2018,Vacaville,"32,503","21,037","11,466"
2018,Vallejo,"41,730","24,313","17,417"
2018,Victorville,"31,624","18,249","13,375"
2018,Visalia,"42,729","25,665","17,064"
2018,Vista,"30,581","15,803","14,778"
2018,Walnut Creek,"31,675","21,472","10,203"
2018,West Covina,"30,333","19,525","10,808"
2018,Westminster,"27,019","13,305","13,714"
2018,Whittier,"27,672","14,594","13,078"
2018,Yorba Linda,,,
2018,Yuba City,"22,524","12,864","9,660"
2019,Alameda,"30,788","14,267","16,521"
2019,Alhambra,"28,777","12,830","15,947"
2019,Anaheim,"105,301","48,570","56,731"
2019,Antioch,"36,138","22,917","13,221"
2019,Apple Valley town,,,
2019,Arden-Arcade,"42,309","17,167","25,142"
2019,Bakersfield,"116,558","69,256","47,302"
2019,Baldwin Park,"19,350","11,072","8,278"
2019,Bellflower,"23,369","8,697","14,672"
2019,Berkeley,"44,551","18,438","26,113"
2019,Buena Park,"25,362","15,614","9,748"
2019,Burbank,"43,167","17,529","25,638"
2019,Camarillo,,,
2019,Carlsbad,,,
2019,Carmichael,,,
2019,Carson,"25,573","17,985","7,588"
2019,Chico,,,
2019,Chino,"26,079","16,435","9,644"
2019,Chino Hills,,,
2019,Chula Vista,"82,916","49,726","33,190"
2019,Citrus Heights,"36,460","21,885","14,575"
2019,Clovis,"39,269","27,148","12,121"
2019,Compton,"21,757","13,586","8,171"
2019,Concord,"45,071","26,280","18,791"
2019,Corona,"47,793","29,340","18,453"
2019,Costa Mesa,"38,762","14,887","23,875"
2019,Daly City,"31,289","18,560","12,729"
2019,Davis,"26,367","9,860","16,507"
2019,Downey,"32,073","14,901","17,172"
2019,East Los Angeles,"30,676","11,569","19,107"
2019,El Cajon,"32,139","13,194","18,945"
2019,Elk Grove,"57,048","43,016","14,032"
2019,El Monte,"31,535","11,861","19,674"
2019,Escondido,"51,364","25,170","26,194"
2019,Fairfield,"37,310","22,125","15,185"
2019,Florence-Graham,"14,973","5,973","9,000"
2019,Folsom,"27,286","18,471","8,815"
2019,Fontana,"56,457","37,375","19,082"
2019,Fremont,"77,848","45,886","31,962"
2019,Fresno,"172,815","79,995","92,820"
2019,Fullerton,"44,365","23,118","21,247"
2019,Garden Grove,"47,378","25,679","21,699"
2019,Glendale,"74,197","24,018","50,179"
2019,Hawthorne,"27,489","7,898","19,591"
2019,Hayward,"47,826","25,766","22,060"
2019,Hemet,"28,412","17,791","10,621"
2019,Hesperia,"27,185","15,476","11,709"
2019,Huntington Beach,"75,273","41,255","34,018"
2019,Indio,"31,760","24,854","6,906"
2019,Inglewood,"34,440","11,705","22,735"
2019,Irvine,"104,524","45,526","58,998"
2019,Jurupa Valley,"24,548","15,285","9,263"
2019,Laguna Niguel,,,
2019,Lake Elsinore,"18,642","13,527","5,115"
2019,Lake Forest,"28,460","20,278","8,182"
2019,Lakewood,"25,198","18,214","6,984"
2019,Lancaster,"49,220","26,222","22,998"
2019,Livermore,"30,545","22,344","8,201"
2019,Lodi,"22,733","12,504","10,229"
2019,Long Beach,"165,689","64,944","100,745"
2019,Los Angeles,"1,398,900","511,115","887,785"
2019,Lynwood,"15,142","7,641","7,501"
2019,Madera,"16,625","7,868","8,757"
2019,Manteca,"26,047","19,446","6,601"
2019,Menifee,"29,356","23,018","6,338"
2019,Merced,"25,005","11,192","13,813"
2019,Milpitas,"26,052","16,756","9,296"
2019,Mission Viejo,,,
2019,Modesto,"71,325","39,184","32,141"
2019,Moreno Valley,"52,220","31,250","20,970"
2019,Mountain View,"35,456","14,145","21,311"
2019,Murrieta,"33,792","22,272","11,520"
2019,Napa,"28,819","17,642","11,177"
2019,Newport Beach,"37,035","21,436","15,599"
2019,Norwalk,"26,257","17,598","8,659"
2019,Oakland,"168,413","69,556","98,857"
2019,Oceanside,"60,235","37,246","22,989"
2019,Ontario,"49,894","28,031","21,863"
2019,Orange,"43,492","25,086","18,406"
2019,Oxnard,"50,739","28,265","22,474"
2019,Palmdale,"41,538","27,533","14,005"
2019,Palo Alto,"25,168","13,950","11,218"
2019,Pasadena,"56,668","21,518","35,150"
2019,Perris,"17,582","11,463","6,119"
2019,Pittsburg,"21,273","11,525","9,748"
2019,Pleasanton,"28,994","18,949","10,045"
2019,Pomona,"40,579","21,308","19,271"
2019,Rancho Cordova,"24,907","12,753","12,154"
2019,Rancho Cucamonga,"59,497","38,075","21,422"
2019,Redding,"37,757","20,847","16,910"
2019,Redlands,,,
2019,Redondo Beach,,,
2019,Redwood City,"32,199","14,639","17,560"
2019,Rialto,"24,751","15,205","9,546"
2019,Richmond,"36,634","16,167","20,467"
2019,Riverside,"87,189","46,373","40,816"
2019,Rocklin,,,
2019,Roseville,"53,093","36,191","16,902"
2019,Sacramento,"191,911","93,509","98,402"
2019,Salinas,"39,862","18,025","21,837"
2019,San Bernardino,"60,308","29,081","31,227"
2019,San Buenaventura (Ventura),"40,513","20,801","19,712"
2019,San Clemente,,,
2019,San Diego,"512,530","238,126","274,404"
2019,San Francisco,"365,851","135,852","229,999"
2019,San Jose,"327,894","180,993","146,901"
2019,San Leandro,"31,691","17,488","14,203"
2019,San Marcos,"30,852","19,937","10,915"
2019,San Mateo,"39,564","19,754","19,810"
2019,San Ramon,,,
2019,Santa Ana,"79,704","34,481","45,223"
2019,Santa Barbara,"38,674","14,571","24,103"
2019,Santa Clara,"46,608","19,254","27,354"
2019,Santa Clarita,"69,975","50,930","19,045"
2019,Santa Cruz,"22,166","8,785","13,381"
2019,Santa Maria,"27,079","13,565","13,514"
2019,Santa Monica,"45,096","12,701","32,395"
2019,Santa Rosa,"65,590","35,898","29,692"
2019,Simi Valley,"42,117","30,183","11,934"
2019,South Gate,"23,559","9,777","13,782"
2019,South San Francisco,"22,355","13,587","8,768"
2019,Stockton,"96,149","47,869","48,280"
2019,Sunnyvale,"55,424","24,484","30,940"
2019,Temecula,"35,638","22,125","13,513"
2019,Thousand Oaks,"44,618","30,191","14,427"
2019,Torrance,"55,483","30,169","25,314"
2019,Tracy,"26,771","16,512","10,259"
2019,Tulare,"18,170","10,360","7,810"
2019,Turlock,"25,718","14,793","10,925"
2019,Tustin,"24,125","13,108","11,017"
2019,Union City,"22,469","15,529","6,940"
2019,Upland,"26,201","14,450","11,751"
2019,Vacaville,"32,560","20,127","12,433"
2019,Vallejo,"42,200","24,351","17,849"
2019,Victorville,"32,188","16,654","15,534"
2019,Visalia,"45,878","26,200","19,678"
2019,Vista,"31,075","14,209","16,866"
2019,Walnut Creek,,,
2019,West Covina,"30,682","17,788","12,894"
2019,Westminster,"26,984","12,741","14,243"
2019,Whittier,"26,884","16,380","10,504"
2019,Yorba Linda,,,
2019,Yuba City,"24,393","13,304","11,089"
