year,GEO_ID,NAME,DP03_0001E,DP03_0018E,DP03_0026E,DP03_0032E,DP03_0046E,DP03_0051E,DP03_0095E
2015,Geography,Geographic Area Name,Estimate!!EMPLOYMENT STATUS!!Population 16 years and over,Estimate!!COMMUTING TO WORK!!Workers 16 years and over,Estimate!!OCCUPATION!!Civilian employed population 16 years and over,Estimate!!INDUSTRY!!Civilian employed population 16 years and over,Estimate!!CLASS OF WORKER!!Civilian employed population 16 years and over,Estimate!!INCOME AND BENEFITS (IN 2015 INFLATION-ADJUSTED DOLLARS)!!Total households,Estimate!!HEALTH INSURANCE COVERAGE!!Civilian noninstitutionalized population
2015,1600000US0600562,Alameda,64837,40671,40302,40302,40302,30710,76782
2015,1600000US0600884,Alhambra,73529,42187,42773,42773,42773,29362,84959
2015,1600000US0602000,Anaheim,273225,172376,175917,175917,175917,99991,348424
2015,1600000US0602252,Antioch,84415,46827,48228,48228,48228,33214,110183
2015,1600000US0602364,Apple Valley,54100,24541,24923,24923,24923,23644,71884
2015,1600000US0602553,Arden-Arcade,80497,43839,44857,44857,44857,43562,95466
2015,1600000US0603526,Bakersfield,276600,161764,164169,164169,164169,114383,371826
2015,1600000US0603666,Baldwin Park,59621,33169,33641,33641,33641,18541,76743
2015,1600000US0604982,Bellflower,59473,31643,32395,32395,32395,21729,78091
2015,1600000US0606000,Berkeley,107090,60868,63352,63352,63352,46277,120668
2015,1600000US0608786,Buena Park,63979,35682,36020,36020,36020,23264,83042
2015,1600000US0608954,Burbank,84504,51479,52429,52429,52429,41633,105081
2015,1600000US0610046,Camarillo,53760,29163,29416,29416,29416,24247,66933
2015,1600000US0611194,Carlsbad,91226,55684,57019,57019,57019,42216,112871
2015,1600000US0611390,Carmichael,51019,27131,28373,28373,28373,25951,62725
2015,1600000US0611530,Carson,77995,43899,45325,45325,45325,24956,93169
2015,1600000US0613014,Chico,75131,41232,42864,42864,42864,34919,89829
2015,1600000US0613210,Chino,71209,30441,31681,31681,31681,17610,63915
2015,1600000US0613214,Chino Hills,64172,39103,40549,40549,40549,25659,78066
2015,1600000US0613392,Chula Vista,204519,118717,119492,119492,119492,79461,262156
2015,1600000US0613588,Citrus Heights,70602,38461,39301,39301,39301,34610,86866
2015,1600000US0614218,Clovis,81571,47340,48603,48603,48603,37621,103920
2015,1600000US0615044,Compton,73191,39386,40228,40228,40228,23978,98311
2015,1600000US0616000,Concord,103826,65440,66484,66484,66484,46885,128117
2015,1600000US0616350,Corona,129002,78641,80680,80680,80680,55011,163901
2015,1600000US0616532,Costa Mesa,93346,63262,64639,64639,64639,42871,112488
2015,1600000US0617918,Daly City,91833,57880,58473,58473,58473,32434,106117
2015,1600000US0618100,Davis,57594,31850,32151,32151,32151,24426,67346
2015,1600000US0619766,Downey,93480,55863,57107,57107,57107,32932,113544
2015,1600000US0620802,East Los Angeles,92363,50605,51128,51128,51128,31853,119474
2015,1600000US0621712,El Cajon,79554,43572,44049,44049,44049,32120,101511
2015,1600000US0622020,Elk Grove,128002,76661,78926,78926,78926,49724,166615
2015,1600000US0622230,El Monte,93817,48830,49545,49545,49545,31474,115925
2015,1600000US0622804,Escondido,119094,71925,72466,72466,72466,45676,149839
2015,1600000US0623182,Fairfield,86351,49503,49050,49050,49050,35392,110076
2015,1600000US0624477,Florence-Graham,48569,26537,27365,27365,27365,14511,66359
2015,1600000US0624638,Folsom,60754,34941,35557,35557,35557,27044,70996
2015,1600000US0624680,Fontana,150800,90289,91414,91414,91414,49811,207221
2015,1600000US0626000,Fremont,186798,82254,116522,116522,116522,73846,231496
2015,1600000US0627000,Fresno,382766,203243,210511,210511,210511,163473,515086
2015,1600000US0628000,Fullerton,114259,68976,69754,69754,69754,46220,139944
2015,1600000US0629000,Garden Grove,141789,83368,85056,85056,85056,47381,174588
2015,1600000US0630000,Glendale,171643,94235,97936,97936,97936,74215,199633
2015,1600000US0632548,Hawthorne,68566,40933,42222,42222,42222,29545,88110
2015,1600000US0633000,Hayward,125443,71551,78084,78084,78084,46909,157506
2015,1600000US0633182,Hemet,63299,23419,24580,24580,24580,27881,83107
2015,1600000US0633434,Hesperia,67185,32078,33061,33061,33061,26458,93286
2015,1600000US0636000,Huntington Beach,165642,101911,104871,104871,104871,75158,201453
2015,1600000US0636448,Indio,67201,37482,38354,38354,38354,28165,86996
2015,1600000US0636546,Inglewood,87257,48452,50291,50291,50291,35250,111292
2015,1600000US0636770,Irvine,210577,121811,123934,123934,123934,91186,256756
2015,1600000US0637692,Jurupa Valley,78423,41765,42986,42986,42986,25741,99775
2015,1600000US0639248,Laguna Niguel,54536,32574,33637,33637,33637,25350,65788
2015,1600000US0639496,Lake Forest,66507,44371,45370,45370,45370,29726,82326
2015,1600000US0639892,Lakewood,65974,37794,39321,39321,39321,26001,81530
2015,1600000US0640130,Lancaster,120525,55382,56402,56402,56402,47372,155299
2015,1600000US0641992,Livermore,68188,46037,47268,47268,47268,30146,87974
2015,1600000US0643000,Long Beach,376218,218568,224684,224684,224684,167660,471290
2015,1600000US0644000,Los Angeles,3214644,1904999,1960170,1960170,1960170,1360164,3946275
2015,1600000US0644574,Lynwood,53408,29591,30228,30228,30228,15616,69688
2015,1600000US0645484,Manteca,57041,28573,29162,29162,29162,23005,75097
2015,1600000US0646842,Menifee,66675,32297,32889,32889,32889,28384,86552
2015,1600000US0646898,Merced,59098,24499,25955,25955,25955,25848,81757
2015,1600000US0647766,Milpitas,61902,32931,36789,36789,36789,22756,75715
2015,1600000US0648256,Mission Viejo,81752,49366,50754,50754,50754,33575,96911
2015,1600000US0648354,Modesto,163380,83138,85112,85112,85112,70114,209596
2015,1600000US0649270,Moreno Valley,154519,86227,88405,88405,88405,52091,203794
2015,1600000US0649670,Mountain View,64264,47095,47947,47947,47947,32514,80304
2015,1600000US0650076,Murrieta,84000,42780,45239,45239,45239,33068,109440
2015,1600000US0650258,Napa,63073,40320,41837,41837,41837,27905,79708
2015,1600000US0651182,Newport Beach,74168,41360,42103,42103,42103,36146,86830
2015,1600000US0652526,Norwalk,84506,49343,50184,50184,50184,27139,106551
2015,1600000US0653000,Oakland,342395,210931,217581,217581,217581,161104,417497
2015,1600000US0653322,Oceanside,144195,82418,81977,81977,81977,64200,173295
2015,1600000US0653896,Ontario,126640,79572,81307,81307,81307,48463,170806
2015,1600000US0653980,Orange,114952,68336,69224,69224,69224,42686,137080
2015,1600000US0654652,Oxnard,153468,91800,94587,94587,94587,50396,206507
2015,1600000US0655156,Palmdale,116380,57879,59441,59441,59441,44629,158261
2015,1600000US0655282,Palo Alto,53183,30883,31462,31462,31462,26030,66464
2015,1600000US0656000,Pasadena,116332,73977,74751,74751,74751,52636,141193
2015,1600000US0656700,Perris,51821,28116,N,29505,29505,15614,74780
2015,1600000US0657456,Pittsburg,54123,30958,31709,31709,31709,21934,69147
2015,1600000US0657792,Pleasanton,60985,37646,38741,38741,38741,27610,79365
2015,1600000US0658072,Pomona,118860,65227,66552,66552,66552,40843,151931
2015,1600000US0659444,Rancho Cordova,55001,33320,34257,34257,34257,24656,70884
2015,1600000US0659451,Rancho Cucamonga,135990,81803,84289,84289,84289,54106,172221
2015,1600000US0659920,Redding,74844,38672,39968,39968,39968,36937,90545
2015,1600000US0659962,Redlands,56380,29813,30340,30340,30340,24203,70424
2015,1600000US0660018,Redondo Beach,56565,38428,39796,39796,39796,29119,68119
2015,1600000US0660102,Redwood City,68194,43400,44168,44168,44168,31716,84338
2015,1600000US0660466,Rialto,79659,41783,43778,43778,43778,26750,102914
2015,1600000US0660620,Richmond,87943,51476,52715,52715,52715,37778,108802
2015,1600000US0662000,Riverside,253708,144968,147424,147424,147424,92408,320090
2015,1600000US0662938,Roseville,103982,60021,60877,60877,60877,47520,129585
2015,1600000US0664000,Sacramento,382536,211877,217467,217467,217467,177131,487436
2015,1600000US0664224,Salinas,112436,66422,67316,67316,67316,41925,156155
2015,1600000US0665000,San Bernardino,156963,78044,80261,80261,80261,57585,208270
2015,1600000US0665042,San Buenaventura (Ventura),88549,50340,51442,51442,51442,40166,108550
2015,1600000US0665084,San Clemente,54914,34126,33298,33298,33298,24662,64046
2015,1600000US0666000,San Diego,1141329,700865,690453,690453,690453,497663,1361662
2015,1600000US0667000,San Francisco,760939,497133,506320,506320,506320,356916,861066
2015,1600000US0668000,San Jose,815706,494087,515360,515360,515360,323133,1023361
2015,1600000US0668084,San Leandro,75506,46452,47739,47739,47739,32325,90374
2015,1600000US0668196,San Marcos,71298,44401,44447,44447,44447,29407,92296
2015,1600000US0668252,San Mateo,84032,55023,56720,56720,56720,38658,103202
2015,1600000US0668378,San Ramon,55742,34711,35126,35126,35126,24569,76032
2015,1600000US0669000,Santa Ana,248399,151196,152728,152728,152728,72177,331989
2015,1600000US0669070,Santa Barbara,78429,49926,52182,52182,52182,36016,91388
2015,1600000US0669084,Santa Clara,104288,68446,69633,69633,69633,43971,125746
2015,1600000US0669088,Santa Clarita,145539,90549,92814,92814,92814,59863,182073
2015,1600000US0669196,Santa Maria,74328,46381,47280,47280,47280,27144,104564
2015,1600000US0670000,Santa Monica,80790,51738,54241,54241,54241,45678,92462
2015,1600000US0670098,Santa Rosa,139584,84919,86425,86425,86425,63648,173304
2015,1600000US0672016,Simi Valley,102001,64195,66283,66283,66283,40269,126583
2015,1600000US0673080,South Gate,73179,42599,43226,43226,43226,24276,96327
2015,1600000US0673262,South San Francisco,55039,35565,35716,35716,35716,19995,67145
2015,1600000US0675000,Stockton,230552,113076,116930,116930,116930,94561,303665
2015,1600000US0677000,Sunnyvale,121269,79099,81112,81112,81112,55157,151218
2015,1600000US0678120,Temecula,84157,51577,51444,51444,51444,33487,111114
2015,1600000US0678582,Thousand Oaks,104528,62273,63727,63727,63727,45593,128931
2015,1600000US0680000,Torrance,122542,70515,73513,73513,73513,54436,147668
2015,1600000US0680238,Tracy,67247,42529,43620,43620,43620,25423,86938
2015,1600000US0680812,Turlock,55474,29825,31035,31035,31035,25993,71744
2015,1600000US0680854,Tustin,61967,40723,41572,41572,41572,24433,80355
2015,1600000US0681204,Union City,62501,25085,37436,37436,37436,21306,74357
2015,1600000US0681344,Upland,61972,35992,36705,36705,36705,27427,76134
2015,1600000US0681554,Vacaville,76659,41676,41731,41731,41731,31103,88825
2015,1600000US0681666,Vallejo,99875,51715,53924,53924,53924,42429,120754
2015,1600000US0682590,Victorville,89452,39662,40385,40385,40385,33774,117303
2015,1600000US0682954,Visalia,95618,49588,50558,50558,50558,41345,129238
2015,1600000US0682996,Vista,74444,48600,48648,48648,48648,28142,99052
2015,1600000US0683346,Walnut Creek,N,28768,29844,29844,29844,30572,68170
2015,1600000US0684200,West Covina,89569,52362,53799,53799,53799,30233,107975
2015,1600000US0684550,Westminster,78214,44145,45127,45127,45127,28002,91926
2015,1600000US0685292,Whittier,70950,42688,43357,43357,43357,27548,86950
2015,1600000US0686832,Yorba Linda,55623,32475,33011,33011,33011,22559,67895
2015,1600000US0686972,Yuba City,50767,24382,24323,24323,24323,22787,65496
2016,1600000US0600562,Alameda,63244,40339,39901,39901,39901,30338,77189
2016,1600000US0600884,Alhambra,71757,40747,41570,41570,41570,27960,84886
2016,1600000US0602000,Anaheim,273702,165208,168898,168898,168898,99255,349332
2016,1600000US0602252,Antioch,86394,49642,51405,51405,51405,34163,110589
2016,1600000US0602364,Apple Valley,56642,25250,25448,25448,25448,24012,72146
2016,1600000US0602553,Arden-Arcade,82920,44312,44784,44784,44784,42909,105295
2016,1600000US0603526,Bakersfield,275401,157278,161519,161519,161519,116507,374551
2016,1600000US0603666,Baldwin Park,59646,36591,37099,37099,37099,16714,76197
2016,1600000US0604982,Bellflower,60096,31831,33005,33005,33005,23038,77256
2016,1600000US0606000,Berkeley,106798,62696,64549,64549,64549,46078,120919
2016,1600000US0608786,Buena Park,69509,42670,43232,43232,43232,23555,82899
2016,1600000US0608954,Burbank,87626,50892,51138,51138,51138,40724,104130
2016,1600000US0610046,Camarillo,56144,33687,33728,33728,33728,23168,66817
2016,1600000US0611194,Carlsbad,89638,56256,56698,56698,56698,41640,113207
2016,1600000US0611390,Carmichael,50060,28170,28664,28664,28664,25154,62604
2016,1600000US0611530,Carson,75783,45157,46380,46380,46380,25790,92689
2016,1600000US0611964,Castro Valley,53762,31861,32652,32652,32652,24034,64358
2016,1600000US0613014,Chico,75760,41824,43340,43340,43340,34985,91063
2016,1600000US0613210,Chino,72597,32286,33019,33019,33019,20149,69218
2016,1600000US0613214,Chino Hills,63209,38307,39283,39283,39283,24026,78707
2016,1600000US0613392,Chula Vista,208134,119120,119630,119630,119630,79639,263880
2016,1600000US0613588,Citrus Heights,71295,44206,45082,45082,45082,34269,87217
2016,1600000US0614218,Clovis,79865,48495,48782,48782,48782,35979,105823
2016,1600000US0615044,Compton,72271,38781,39938,39938,39938,22458,97414
2016,1600000US0616000,Concord,103565,63446,64899,64899,64899,45848,128109
2016,1600000US0616350,Corona,134938,82848,84162,84162,84162,50765,166348
2016,1600000US0616532,Costa Mesa,91737,63563,64922,64922,64922,38127,112422
2016,1600000US0617918,Daly City,91259,58199,59348,59348,59348,32969,106033
2016,1600000US0618100,Davis,58513,30540,31539,31539,31539,23542,67909
2016,1600000US0619766,Downey,87215,55258,56353,56353,56353,32646,112813
2016,1600000US0620802,East Los Angeles,95288,54235,55134,55134,55134,33058,127622
2016,1600000US0621712,El Cajon,75479,38696,40463,40463,40463,32447,102123
2016,1600000US0622020,Elk Grove,130221,78096,80120,80120,80120,51695,169517
2016,1600000US0622230,El Monte,91286,49762,51147,51147,51147,27249,114933
2016,1600000US0622804,Escondido,117529,73311,75229,75229,75229,45367,150448
2016,1600000US0623182,Fairfield,90049,52782,52866,52866,52866,38027,111614
2016,1600000US0624477,Florence-Graham,46322,26326,N,26544,26544,15084,63582
2016,1600000US0624638,Folsom,59742,35429,35795,35795,35795,27417,72144
2016,1600000US0624680,Fontana,157134,95857,97478,97478,97478,57868,209423
2016,1600000US0626000,Fremont,181200,82056,116542,116542,116542,71599,232381
2016,1600000US0627000,Fresno,388619,209124,214398,214398,214398,166288,517888
2016,1600000US0628000,Fullerton,114429,69182,70498,70498,70498,45635,139865
2016,1600000US0629000,Garden Grove,138928,85378,86670,86670,86670,47718,174213
2016,1600000US0630000,Glendale,167747,95595,97612,97612,97612,75013,199325
2016,1600000US0632548,Hawthorne,65709,40724,42047,42047,42047,28870,87624
2016,1600000US0633000,Hayward,128738,75009,82142,82142,82142,45792,158109
2016,1600000US0633182,Hemet,61536,22202,N,22898,22898,29465,83614
2016,1600000US0633434,Hesperia,72200,34107,35034,35034,35034,26802,93608
2016,1600000US0636000,Huntington Beach,166873,102394,105289,105289,105289,78998,200197
2016,1600000US0636448,Indio,69686,33366,34076,34076,34076,30887,87877
2016,1600000US0636546,Inglewood,91735,52932,54966,54966,54966,38724,110316
2016,1600000US0636770,Irvine,211343,123785,127201,127201,127201,94321,265887
2016,1600000US0637692,Jurupa Valley,79536,43785,45420,45420,45420,24850,102721
2016,1600000US0639248,Laguna Niguel,53674,33174,33777,33777,33777,24116,65281
2016,1600000US0639496,Lake Forest,68353,46341,47009,47009,47009,29496,83085
2016,1600000US0639892,Lakewood,63135,36993,38368,38368,38368,24806,80965
2016,1600000US0640130,Lancaster,122190,56613,57749,57749,57749,49934,154528
2016,1600000US0641992,Livermore,71346,48284,49296,49296,49296,30749,88885
2016,1600000US0643000,Long Beach,372374,225505,231816,231816,231816,160769,467620
2016,1600000US0644000,Los Angeles,3241537,1938625,1990871,1990871,1990871,1378844,3950939
2016,1600000US0644574,Lynwood,52210,29159,N,29751,29751,14840,69001
2016,1600000US0645484,Manteca,58199,32242,33169,33169,33169,24828,76318
2016,1600000US0646842,Menifee,69422,34666,36117,36117,36117,29148,88221
2016,1600000US0646898,Merced,59267,29520,30240,30240,30240,24221,81729
2016,1600000US0647766,Milpitas,62302,27715,39000,39000,39000,22870,75576
2016,1600000US0648256,Mission Viejo,79820,50582,51787,51787,51787,33544,96008
2016,1600000US0648354,Modesto,160147,83186,87025,87025,87025,70591,210554
2016,1600000US0649270,Moreno Valley,151009,85258,88571,88571,88571,49785,205082
2016,1600000US0649670,Mountain View,65278,43565,44456,44456,44456,32696,80312
2016,1600000US0650076,Murrieta,83832,47330,48061,48061,48061,31090,111063
2016,1600000US0650258,Napa,64937,40906,41977,41977,41977,30017,79776
2016,1600000US0651182,Newport Beach,N,43237,43743,43743,43743,37351,86336
2016,1600000US0652526,Norwalk,83344,45883,46296,46296,46296,26883,105425
2016,1600000US0653000,Oakland,346120,215534,222986,222986,222986,158084,418189
2016,1600000US0653322,Oceanside,140717,82578,82856,82856,82856,62661,172947
2016,1600000US0653896,Ontario,132746,78898,79971,79971,79971,49020,172773
2016,1600000US0653980,Orange,112117,70860,72520,72520,72520,43533,136532
2016,1600000US0654652,Oxnard,154616,96338,98993,98993,98993,49895,206812
2016,1600000US0655156,Palmdale,113618,59493,60322,60322,60322,44225,157133
2016,1600000US0655282,Palo Alto,55644,31852,32411,32411,32411,28228,66576
2016,1600000US0656000,Pasadena,119269,73450,74853,74853,74853,55291,141044
2016,1600000US0656700,Perris,55634,28404,N,30394,30394,17261,76163
2016,1600000US0657456,Pittsburg,53324,31504,32613,32613,32613,20509,70454
2016,1600000US0657792,Pleasanton,63172,38143,38784,38784,38784,29774,82077
2016,1600000US0658072,Pomona,117289,71703,73563,73563,73563,35503,151203
2016,1600000US0659444,Rancho Cordova,55904,33674,33984,33984,33984,24611,72180
2016,1600000US0659451,Rancho Cucamonga,141324,84299,86733,86733,86733,57514,173944
2016,1600000US0659920,Redding,74186,37816,38781,38781,38781,36472,90636
2016,1600000US0659962,Redlands,57160,30571,31355,31355,31355,24217,70630
2016,1600000US0660018,Redondo Beach,N,37270,38031,38031,38031,29688,67458
2016,1600000US0660102,Redwood City,69118,48772,49979,49979,49979,30293,83916
2016,1600000US0660466,Rialto,76909,42814,43973,43973,43973,26445,103006
2016,1600000US0660620,Richmond,87624,49698,51266,51266,51266,34949,108977
2016,1600000US0662000,Riverside,254558,142177,145690,145690,145690,91360,322312
2016,1600000US0662938,Roseville,105784,60469,60844,60844,60844,48500,131806
2016,1600000US0664000,Sacramento,395995,223599,228316,228316,228316,183212,491167
2016,1600000US0664224,Salinas,115334,71764,72530,72530,72530,39274,156249
2016,1600000US0665000,San Bernardino,155838,78548,81563,81563,81563,57920,208703
2016,1600000US0665042,San Buenaventura (Ventura),89992,51771,53237,53237,53237,40630,108294
2016,1600000US0665084,San Clemente,N,31360,N,31708,31708,27741,64998
2016,1600000US0666000,San Diego,1158583,715730,701689,701689,701689,495726,1368882
2016,1600000US0667000,San Francisco,763084,500469,511365,511365,511365,358703,866553
2016,1600000US0668000,San Jose,816000,511766,528044,528044,528044,320447,1021552
2016,1600000US0668084,San Leandro,74551,43282,44679,44679,44679,34977,90229
2016,1600000US0668196,San Marcos,69872,43528,43678,43678,43678,28706,94917
2016,1600000US0668252,San Mateo,85049,57746,59022,59022,59022,38710,103594
2016,1600000US0668378,San Ramon,58223,39444,40086,40086,40086,25847,75617
2016,1600000US0669000,Santa Ana,255427,160891,163464,163464,163464,74294,330520
2016,1600000US0669070,Santa Barbara,76690,47435,48451,48451,48451,36514,91498
2016,1600000US0669084,Santa Clara,101740,58918,66082,66082,66082,44392,125584
2016,1600000US0669088,Santa Clarita,148230,91249,93654,93654,93654,61687,181727
2016,1600000US0669196,Santa Maria,77535,49600,49965,49965,49965,27248,105537
2016,1600000US0670000,Santa Monica,81228,51775,53541,53541,53541,47265,91727
2016,1600000US0670098,Santa Rosa,140005,86888,88975,88975,88975,64202,173075
2016,1600000US0672016,Simi Valley,102483,66570,68596,68596,68596,41020,126141
2016,1600000US0673080,South Gate,71627,41180,42076,42076,42076,23762,95468
2016,1600000US0673262,South San Francisco,N,37408,37811,37811,37811,20881,66917
2016,1600000US0675000,Stockton,229799,118108,122970,122970,122970,95851,305039
2016,1600000US0677000,Sunnyvale,121929,80021,81669,81669,81669,56245,152269
2016,1600000US0678120,Temecula,85014,51426,52267,52267,52267,32551,111877
2016,1600000US0678582,Thousand Oaks,106853,63719,64674,64674,64674,46830,128297
2016,1600000US0680000,Torrance,119708,72772,73868,73868,73868,53614,146398
2016,1600000US0680238,Tracy,68450,39935,42460,42460,42460,26744,89117
2016,1600000US0680812,Turlock,58813,31292,32016,32016,32016,25137,72243
2016,1600000US0680854,Tustin,64603,44644,45703,45703,45703,27573,80149
2016,1600000US0681204,Union City,62644,23576,38832,38832,38832,21702,75221
2016,1600000US0681344,Upland,63442,38873,39877,39877,39877,27326,76326
2016,1600000US0681554,Vacaville,78219,46118,45094,45094,45094,32697,90165
2016,1600000US0681666,Vallejo,98462,54491,56367,56367,56367,40419,120853
2016,1600000US0682590,Victorville,88509,42210,42207,42207,42207,32803,118078
2016,1600000US0682954,Visalia,93623,51685,52425,52425,52425,41357,130242
2016,1600000US0682996,Vista,78765,50898,50657,50657,50657,30416,99629
2016,1600000US0683346,Walnut Creek,59683,32777,33620,33620,33620,30542,68272
2016,1600000US0684200,West Covina,84936,49902,51518,51518,51518,30803,107356
2016,1600000US0684550,Westminster,74755,40327,41086,41086,41086,27587,91396
2016,1600000US0685292,Whittier,68199,41543,41821,41821,41821,27597,86066
2016,1600000US0686832,Yorba Linda,53293,30658,30887,30887,30887,21941,68024
2016,1600000US0686972,Yuba City,51114,26880,27651,27651,27651,22096,65879
2017,1600000US0600562,Alameda,62878,40494,40517,40517,40517,30662,77864
2017,1600000US0600884,Alhambra,74492,42137,42983,42983,42983,30255,84704
2017,1600000US0602000,Anaheim,277723,172265,176061,176061,176061,98734,350585
2017,1600000US0602252,Antioch,86577,49212,50870,50870,50870,34423,111346
2017,1600000US0602364,Apple Valley,55987,26271,26449,26449,26449,24050,72677
2017,1600000US0602553,Arden-Arcade,77010,43109,44431,44431,44431,40788,99954
2017,1600000US0603526,Bakersfield,280124,152409,156101,156101,156101,118508,379196
2017,1600000US0603666,Baldwin Park,60957,37498,38418,38418,38418,17725,76083
2017,1600000US0604982,Bellflower,61926,38963,39549,39549,39549,24796,77430
2017,1600000US0606000,Berkeley,107447,61603,63024,63024,63024,43770,121870
2017,1600000US0608786,Buena Park,66684,40467,41678,41678,41678,23627,82826
2017,1600000US0608954,Burbank,86929,57047,57675,57675,57675,40981,104434
2017,1600000US0610046,Camarillo,55954,33116,33873,33873,33873,25361,67069
2017,1600000US0611194,Carlsbad,92724,54598,55361,55361,55361,45588,114155
2017,1600000US0611390,Carmichael,54950,31105,31671,31671,31671,25537,65524
2017,1600000US0611530,Carson,75217,42384,43098,43098,43098,26070,92639
2017,1600000US0611964,Castro Valley,50970,31663,32373,32373,32373,21977,61304
2017,1600000US0613014,Chico,78562,45292,46851,46851,46851,37547,92796
2017,1600000US0613210,Chino,73269,32967,33823,33823,33823,20484,70233
2017,1600000US0613214,Chino Hills,63473,36549,37527,37527,37527,23170,80280
2017,1600000US0613392,Chula Vista,210270,120313,118928,118928,118928,80417,265126
2017,1600000US0613588,Citrus Heights,72176,40760,42179,42179,42179,33598,87696
2017,1600000US0614218,Clovis,82711,48166,48533,48533,48533,35855,109015
2017,1600000US0615044,Compton,71032,38921,39988,39988,39988,23360,97503
2017,1600000US0616000,Concord,103418,62234,64447,64447,64447,45868,129051
2017,1600000US0616350,Corona,129144,82788,84737,84737,84737,47942,167026
2017,1600000US0616532,Costa Mesa,92582,63288,64066,64066,64066,40927,113142
2017,1600000US0617918,Daly City,89227,57516,58228,58228,58228,29162,106507
2017,1600000US0618100,Davis,59760,31740,32459,32459,32459,23271,68789
2017,1600000US0619766,Downey,88430,52970,54427,54427,54427,33578,112636
2017,1600000US0620802,East Los Angeles,93816,53840,54801,54801,54801,31910,125389
2017,1600000US0621712,El Cajon,79732,45228,46684,46684,46684,33587,102474
2017,1600000US0622020,Elk Grove,135683,80613,81393,81393,81393,53661,171291
2017,1600000US0622230,El Monte,92463,54103,55090,55090,55090,27987,115271
2017,1600000US0622804,Escondido,119456,75009,76688,76688,76688,46250,150965
2017,1600000US0623182,Fairfield,89371,53741,53039,53039,53039,37324,113183
2017,1600000US0624477,Florence-Graham,47753,26564,N,27118,27118,14918,68095
2017,1600000US0624638,Folsom,60835,35173,35901,35901,35901,28094,73942
2017,1600000US0624680,Fontana,156447,96286,96629,96629,96629,52767,211368
2017,1600000US0626000,Fremont,184698,82783,118010,118010,118010,72148,234341
2017,1600000US0627000,Fresno,393230,211863,219163,219163,219163,169409,522300
2017,1600000US0628000,Fullerton,112039,65959,67844,67844,67844,45632,139430
2017,1600000US0629000,Garden Grove,144107,86034,87114,87114,87114,48036,173407
2017,1600000US0630000,Glendale,173218,95339,97287,97287,97287,74613,201543
2017,1600000US0632548,Hawthorne,67204,43000,43736,43736,43736,29450,87432
2017,1600000US0633000,Hayward,129478,63317,86225,86225,86225,46860,159560
2017,1600000US0633182,Hemet,66360,29144,29316,29316,29316,29725,84315
2017,1600000US0633434,Hesperia,68246,32159,32492,32492,32492,25398,94708
2017,1600000US0636000,Huntington Beach,166784,104497,105779,105779,105779,77155,201298
2017,1600000US0636448,Indio,76410,38697,39793,39793,39793,35675,89348
2017,1600000US0636546,Inglewood,85974,50551,52220,52220,52220,35788,110268
2017,1600000US0636770,Irvine,220151,130220,133723,133723,133723,97161,277245
2017,1600000US0637692,Jurupa Valley,78568,44543,46944,46944,46944,23784,105455
2017,1600000US0639248,Laguna Niguel,54473,32120,32745,32745,32745,26133,66309
2017,1600000US0639486,Lake Elsinore,N,26743,27497,27497,27497,16388,66295
2017,1600000US0639496,Lake Forest,69802,45316,45993,45993,45993,29519,84161
2017,1600000US0639892,Lakewood,65052,38515,39291,39291,39291,25186,80821
2017,1600000US0640130,Lancaster,120708,59257,60240,60240,60240,48327,155056
2017,1600000US0641992,Livermore,71781,47157,48435,48435,48435,33085,90079
2017,1600000US0642202,Lodi,48820,26820,27840,27840,27840,22454,65388
2017,1600000US0643000,Long Beach,375636,226001,231225,231225,231225,167447,466896
2017,1600000US0644000,Los Angeles,3271960,1992316,2049713,2049713,2049713,1384851,3974895
2017,1600000US0644574,Lynwood,52269,26582,27104,27104,27104,15263,68591
2017,1600000US0645022,Madera,N,22553,N,N,23752,18079,65289
2017,1600000US0645484,Manteca,61377,32512,33677,33677,33677,24573,78944
2017,1600000US0646842,Menifee,73361,37568,37932,37932,37932,28891,90116
2017,1600000US0646898,Merced,60865,28080,29149,29149,29149,26278,82450
2017,1600000US0647766,Milpitas,60335,34938,41001,41001,41001,22128,76213
2017,1600000US0648256,Mission Viejo,79044,49250,50035,50035,50035,33936,95578
2017,1600000US0648354,Modesto,168274,89125,92271,92271,92271,72621,212667
2017,1600000US0649270,Moreno Valley,155439,87118,90395,90395,90395,48908,206570
2017,1600000US0649670,Mountain View,67382,46892,48637,48637,48637,33177,81307
2017,1600000US0650076,Murrieta,83285,45638,45899,45899,45899,32407,112612
2017,1600000US0650258,Napa,N,41342,42106,42106,42106,28790,79349
2017,1600000US0651182,Newport Beach,72764,44075,44700,44700,44700,37968,85898
2017,1600000US0652526,Norwalk,84997,50709,51140,51140,51140,27661,104420
2017,1600000US0653000,Oakland,349595,219165,224968,224968,224968,158851,423307
2017,1600000US0653322,Oceanside,143878,85526,84399,84399,84399,61138,173499
2017,1600000US0653896,Ontario,136692,81236,83159,83159,83159,50572,175247
2017,1600000US0653980,Orange,117192,72131,74281,74281,74281,42663,136749
2017,1600000US0654652,Oxnard,159066,98767,101212,101212,101212,52717,208887
2017,1600000US0655156,Palmdale,116600,61587,62607,62607,62607,42005,157307
2017,1600000US0655282,Palo Alto,53033,31690,32323,32323,32323,25439,66749
2017,1600000US0656000,Pasadena,119945,76476,77665,77665,77665,54177,141356
2017,1600000US0656700,Perris,54338,31942,N,33206,33206,15947,77725
2017,1600000US0657456,Pittsburg,57892,33441,34426,34426,34426,20784,71936
2017,1600000US0657792,Pleasanton,67661,45340,46334,46334,46334,30435,82869
2017,1600000US0658072,Pomona,119492,69006,69863,69863,69863,38980,151819
2017,1600000US0659444,Rancho Cordova,57956,34694,35843,35843,35843,25850,73360
2017,1600000US0659451,Rancho Cucamonga,137268,86016,88177,88177,88177,52731,174509
2017,1600000US0659920,Redding,73972,41132,41580,41580,41580,38036,90659
2017,1600000US0659962,Redlands,59428,32331,33308,33308,33308,26264,70942
2017,1600000US0660018,Redondo Beach,55809,37253,37633,37633,37633,28081,67659
2017,1600000US0660102,Redwood City,71969,49721,50240,50240,50240,32344,85441
2017,1600000US0660466,Rialto,78639,45383,46611,46611,46611,26699,103332
2017,1600000US0660620,Richmond,88273,53141,54614,54614,54614,37029,109042
2017,1600000US0662000,Riverside,260853,149790,153668,153668,153668,86905,325167
2017,1600000US0662938,Roseville,108051,64098,65453,65453,65453,50198,134617
2017,1600000US0664000,Sacramento,396307,227711,233716,233716,233716,189193,497785
2017,1600000US0664224,Salinas,114183,69152,70097,70097,70097,41218,156682
2017,1600000US0665000,San Bernardino,163978,79117,81551,81551,81551,60714,209942
2017,1600000US0665042,San Buenaventura (Ventura),89600,52417,53869,53869,53869,41338,109510
2017,1600000US0665084,San Clemente,N,33087,33604,33604,33604,25366,65153
2017,1600000US0666000,San Diego,1166285,740422,723119,723119,723119,504208,1383566
2017,1600000US0667000,San Francisco,777887,523364,534557,534557,534557,360323,880097
2017,1600000US0668000,San Jose,832198,529403,543752,543752,543752,321913,1031513
2017,1600000US0668084,San Leandro,76019,41152,42614,42614,42614,33458,90331
2017,1600000US0668196,San Marcos,73109,46115,47269,47269,47269,29611,95813
2017,1600000US0668252,San Mateo,82775,54339,55719,55719,55719,39660,104394
2017,1600000US0668378,San Ramon,55887,37066,37518,37518,37518,24317,75895
2017,1600000US0669000,Santa Ana,255193,168467,170037,170037,170037,76650,331778
2017,1600000US0669070,Santa Barbara,80962,55123,56849,56849,56849,40145,91712
2017,1600000US0669084,Santa Clara,105841,58947,67240,67240,67240,43159,126820
2017,1600000US0669088,Santa Clarita,163666,102864,105074,105074,105074,67564,210507
2017,1600000US0669112,Santa Cruz,58731,33334,34202,34202,34202,23585,64599
2017,1600000US0669196,Santa Maria,77619,48287,49097,49097,49097,27968,106546
2017,1600000US0670000,Santa Monica,79835,48544,49855,49855,49855,45258,91573
2017,1600000US0670098,Santa Rosa,143101,83988,87878,87878,87878,64155,173666
2017,1600000US0672016,Simi Valley,101811,61712,62707,62707,62707,40822,126619
2017,1600000US0673080,South Gate,73020,42110,43380,43380,43380,24019,95354
2017,1600000US0673262,South San Francisco,N,36268,37485,37485,37485,20939,67378
2017,1600000US0675000,Stockton,235383,125880,130673,130673,130673,91392,308406
2017,1600000US0677000,Sunnyvale,126174,80258,85878,85878,85878,55024,153072
2017,1600000US0678120,Temecula,85486,50319,52424,52424,52424,34277,113517
2017,1600000US0678582,Thousand Oaks,103794,61790,64465,64465,64465,46017,128543
2017,1600000US0680000,Torrance,120616,69622,71141,71141,71141,54327,145886
2017,1600000US0680238,Tracy,68483,42360,44029,44029,44029,25830,90685
2017,1600000US0680812,Turlock,57835,33448,34307,34307,34307,25562,73095
2017,1600000US0680854,Tustin,62718,41879,43394,43394,43394,27780,80191
2017,1600000US0681204,Union City,64233,25777,42460,42460,42460,22684,75243
2017,1600000US0681344,Upland,61698,36004,36956,36956,36956,25582,76615
2017,1600000US0681554,Vacaville,82887,45221,44592,44592,44592,34017,91886
2017,1600000US0681666,Vallejo,97971,54883,56320,56320,56320,41719,121457
2017,1600000US0682590,Victorville,91095,41484,43091,43091,43091,35088,118407
2017,1600000US0682954,Visalia,97761,58913,60738,60738,60738,43785,132129
2017,1600000US0682996,Vista,78087,50887,51304,51304,51304,31618,99512
2017,1600000US0683346,Walnut Creek,N,31863,32782,32782,32782,31648,69053
2017,1600000US0684200,West Covina,87202,52037,53175,53175,53175,29807,106970
2017,1600000US0684550,Westminster,75940,42911,43679,43679,43679,28876,91290
2017,1600000US0685292,Whittier,67544,38705,39267,39267,39267,26722,86318
2017,1600000US0686832,Yorba Linda,55892,33366,34097,34097,34097,22410,68102
2017,1600000US0686972,Yuba City,51494,24872,25570,25570,25570,22172,65543
2018,1600000US0600562,Alameda,63939,42117,42646,42646,42646,30724,77221
2018,1600000US0600884,Alhambra,72616,42933,43887,43887,43887,30556,84081
2018,1600000US0602000,Anaheim,273400,177118,180144,180144,180144,101547,350225
2018,1600000US0602252,Antioch,86434,48634,50684,50684,50684,34518,111167
2018,1600000US0602364,Apple Valley,55183,25809,26432,26432,26432,24302,73193
2018,1600000US0602553,Arden-Arcade,85485,49975,50825,50825,50825,44426,107218
2018,1600000US0603526,Bakersfield,283923,162365,166626,166626,166626,121615,381673
2018,1600000US0603666,Baldwin Park,62045,37044,37753,37753,37753,18224,75460
2018,1600000US0604982,Bellflower,59627,38127,38931,38931,38931,24333,76797
2018,1600000US0606000,Berkeley,109560,60930,63601,63601,63601,43806,121328
2018,1600000US0608786,Buena Park,66782,43715,45911,45911,45911,23171,82198
2018,1600000US0608954,Burbank,87301,51844,52769,52769,52769,43060,103320
2018,1600000US0610046,Camarillo,56066,33877,34041,34041,34041,25137,68242
2018,1600000US0611194,Carlsbad,95000,57201,57491,57491,57491,44950,115030
2018,1600000US0611390,Carmichael,52398,30430,30651,30651,30651,26271,64867
2018,1600000US0611530,Carson,73340,42066,43614,43614,43614,23896,91777
2018,1600000US0611964,Castro Valley,50066,30865,31753,31753,31753,20371,62494
2018,1600000US0613014,Chico,78222,48002,49245,49245,49245,37100,94300
2018,1600000US0613210,Chino,73081,41048,41862,41862,41862,25509,84014
2018,1600000US0613214,Chino Hills,64497,39816,40052,40052,40052,24015,82861
2018,1600000US0613392,Chula Vista,207852,127543,126543,126543,126543,78112,267228
2018,1600000US0613588,Citrus Heights,71704,44225,45400,45400,45400,33390,87656
2018,1600000US0614218,Clovis,83500,50767,51531,51531,51531,38223,111505
2018,1600000US0615044,Compton,69130,34560,35336,35336,35336,24489,96493
2018,1600000US0616000,Concord,109702,72553,73104,73104,73104,49444,128726
2018,1600000US0616350,Corona,125550,78639,79558,79558,79558,43987,168242
2018,1600000US0616532,Costa Mesa,91546,62530,63542,63542,63542,40295,113281
2018,1600000US0617918,Daly City,92848,61407,62176,62176,62176,32792,106582
2018,1600000US0618100,Davis,60379,31936,32777,32777,32777,24796,69175
2018,1600000US0619766,Downey,90412,55372,56930,56930,56930,34820,111811
2018,1600000US0620802,East Los Angeles,92853,51754,53384,53384,53384,30851,117748
2018,1600000US0621712,El Cajon,80015,45459,46067,46067,46067,33153,101359
2018,1600000US0622020,Elk Grove,136557,78108,80183,80183,80183,53620,172481
2018,1600000US0622230,El Monte,90925,51030,52475,52475,52475,30469,114555
2018,1600000US0622804,Escondido,121440,73881,74053,74053,74053,51439,150422
2018,1600000US0623182,Fairfield,90122,57690,57169,57169,57169,38964,114314
2018,1600000US0624477,Florence-Graham,46105,25029,26219,26219,26219,14516,63591
2018,1600000US0624638,Folsom,60326,33669,34264,34264,34264,26845,73850
2018,1600000US0624680,Fontana,162367,102019,102898,102898,102898,54788,213243
2018,1600000US0626000,Fremont,190200,104219,124130,124130,124130,78243,237124
2018,1600000US0627000,Fresno,397408,212683,219244,219244,219244,171209,524272
2018,1600000US0628000,Fullerton,112857,69821,71233,71233,71233,45180,138633
2018,1600000US0629000,Garden Grove,141118,85990,87731,87731,87731,44696,172010
2018,1600000US0630000,Glendale,171105,96121,97641,97641,97641,73675,200091
2018,1600000US0632548,Hawthorne,68063,44954,47780,47780,47780,29174,86614
2018,1600000US0633000,Hayward,126690,57590,78738,78738,78738,48865,158766
2018,1600000US0633182,Hemet,67095,28726,N,29247,29247,28544,84696
2018,1600000US0633434,Hesperia,70663,35859,36602,36602,36602,27703,94938
2018,1600000US0636000,Huntington Beach,166124,102447,105224,105224,105224,76622,200146
2018,1600000US0636448,Indio,79130,42287,43059,43059,43059,40637,90711
2018,1600000US0636546,Inglewood,83748,52129,53851,53851,53851,35518,108993
2018,1600000US0636770,Irvine,226562,134876,136737,136737,136737,100150,282036
2018,1600000US0637692,Jurupa Valley,82985,45458,46817,46817,46817,23872,107699
2018,1600000US0639248,Laguna Niguel,56446,34915,35339,35339,35339,25471,66101
2018,1600000US0639486,Lake Elsinore,49810,28797,29212,29212,29212,17996,68072
2018,1600000US0639496,Lake Forest,68342,46352,46970,46970,46970,30760,85444
2018,1600000US0639892,Lakewood,66926,43086,44655,44655,44655,25993,80126
2018,1600000US0640130,Lancaster,115892,54287,54926,54926,54926,46309,153403
2018,1600000US0641992,Livermore,71675,47205,48342,48342,48342,30587,90051
2018,1600000US0642202,Lodi,50204,28773,29514,29514,29514,23951,66341
2018,1600000US0643000,Long Beach,380653,232103,238174,238174,238174,173432,464574
2018,1600000US0644000,Los Angeles,3274183,2004272,2060137,2060137,2060137,1382293,3961491
2018,1600000US0644574,Lynwood,52688,29041,N,29374,29374,15979,68349
2018,1600000US0645022,Madera,46565,24853,N,N,25987,18028,65515
2018,1600000US0645484,Manteca,64883,35282,35823,35823,35823,27051,81246
2018,1600000US0646842,Menifee,71349,36334,37131,37131,37131,28647,91972
2018,1600000US0646898,Merced,62756,29871,31529,31529,31529,26075,82625
2018,1600000US0647766,Milpitas,63484,38432,39307,39307,39307,23161,77597
2018,1600000US0648256,Mission Viejo,80814,49876,51141,51141,51141,33011,94661
2018,1600000US0648354,Modesto,161763,90531,92257,92257,92257,70756,213718
2018,1600000US0649270,Moreno Valley,157228,89069,91951,91951,91951,47952,208783
2018,1600000US0649670,Mountain View,67263,48189,48775,48775,48775,33400,83243
2018,1600000US0650076,Murrieta,84233,51727,52660,52660,52660,32391,114477
2018,1600000US0650258,Napa,63424,39395,40566,40566,40566,28245,78742
2018,1600000US0651182,Newport Beach,74376,43192,44771,44771,44771,38302,85105
2018,1600000US0652526,Norwalk,82830,46652,47350,47350,47350,26842,103728
2018,1600000US0653000,Oakland,355658,232041,235825,235825,235825,165590,426914
2018,1600000US0653322,Oceanside,143499,88452,89845,89845,89845,60537,174107
2018,1600000US0653896,Ontario,141605,89852,92395,92395,92395,50569,180622
2018,1600000US0653980,Orange,114931,67848,69634,69634,69634,42927,135013
2018,1600000US0654652,Oxnard,160744,103232,104190,104190,104190,51883,208749
2018,1600000US0655156,Palmdale,116513,65523,66401,66401,66401,45320,156446
2018,1600000US0655282,Palo Alto,54883,32534,33449,33449,33449,26518,66194
2018,1600000US0656000,Pasadena,116214,70546,71592,71592,71592,53901,140199
2018,1600000US0656700,Perris,55432,35528,N,35997,35997,17206,78986
2018,1600000US0657456,Pittsburg,55492,35432,36636,36636,36636,20823,72262
2018,1600000US0657792,Pleasanton,63676,41076,41839,41839,41839,27955,82245
2018,1600000US0658072,Pomona,117275,66606,68637,68637,68637,39422,151100
2018,1600000US0659444,Rancho Cordova,58799,33870,34333,34333,34333,27879,74248
2018,1600000US0659451,Rancho Cucamonga,139578,84304,85895,85895,85895,56354,174936
2018,1600000US0659920,Redding,74346,36720,37883,37883,37883,35476,90566
2018,1600000US0659962,Redlands,57994,33955,34787,34787,34787,25917,70970
2018,1600000US0660018,Redondo Beach,53696,36891,37983,37983,37983,26720,67218
2018,1600000US0660102,Redwood City,70519,48374,49459,49459,49459,29498,85341
2018,1600000US0660466,Rialto,78787,43680,44680,44680,44680,25485,103181
2018,1600000US0660620,Richmond,89028,55041,57791,57791,57791,36057,109322
2018,1600000US0662000,Riverside,261471,153890,156254,156254,156254,87341,327280
2018,1600000US0662364,Rocklin,52123,30895,31158,31158,31158,21206,67126
2018,1600000US0662938,Roseville,111184,66087,67678,67678,67678,51727,138579
2018,1600000US0664000,Sacramento,401032,235740,239523,239523,239523,182677,504120
2018,1600000US0664224,Salinas,112404,66700,67750,67750,67750,39881,155166
2018,1600000US0665000,San Bernardino,157976,84660,87251,87251,87251,58972,209043
2018,1600000US0665042,San Buenaventura (Ventura),91708,54400,55971,55971,55971,42744,109786
2018,1600000US0665084,San Clemente,53353,30267,31085,31085,31085,23213,64603
2018,1600000US0666000,San Diego,1169164,731657,715998,715998,715998,513698,1387892
2018,1600000US0667000,San Francisco,776750,524742,536653,536653,536653,362827,879045
2018,1600000US0668000,San Jose,828096,531575,544945,544945,544945,327848,1026474
2018,1600000US0668084,San Leandro,74963,46552,48974,48974,48974,30749,89354
2018,1600000US0668196,San Marcos,75532,48104,48552,48552,48552,30118,96451
2018,1600000US0668252,San Mateo,85185,55629,57250,57250,57250,38951,104646
2018,1600000US0668378,San Ramon,58236,38581,39114,39114,39114,26474,75726
2018,1600000US0669000,Santa Ana,256839,163194,164903,164903,164903,78786,329241
2018,1600000US0669070,Santa Barbara,77171,47188,48216,48216,48216,35647,90881
2018,1600000US0669084,Santa Clara,106403,68076,69561,69561,69561,45173,129155
2018,1600000US0669088,Santa Clarita,161611,101630,104395,104395,104395,67509,209667
2018,1600000US0669112,Santa Cruz,56788,30805,32237,32237,32237,21707,64303
2018,1600000US0669196,Santa Maria,75699,47074,47609,47609,47609,26336,107032
2018,1600000US0670000,Santa Monica,77587,50039,51654,51654,51654,44495,90748
2018,1600000US0670098,Santa Rosa,144293,89235,91478,91478,91478,65587,175765
2018,1600000US0672016,Simi Valley,103214,64830,66316,66316,66316,43069,125625
2018,1600000US0673080,South Gate,69775,41258,42578,42578,42578,23691,94374
2018,1600000US0673262,South San Francisco,57634,35528,37022,37022,37022,20774,67667
2018,1600000US0673430,South Whittier,50755,30698,30839,30839,30839,15783,65432
2018,1600000US0675000,Stockton,233360,125230,128717,128717,128717,95557,309343
2018,1600000US0677000,Sunnyvale,124878,87049,87937,87937,87937,56537,152517
2018,1600000US0678120,Temecula,83671,50080,49506,49506,49506,32859,113314
2018,1600000US0678582,Thousand Oaks,103707,61380,63109,63109,63109,44092,127295
2018,1600000US0680000,Torrance,118686,71269,72765,72765,72765,54991,144379
2018,1600000US0680238,Tracy,70020,44741,47555,47555,47555,25793,91604
2018,1600000US0680812,Turlock,55816,30154,32009,32009,32009,24140,72998
2018,1600000US0680854,Tustin,61759,41391,42447,42447,42447,24407,79575
2018,1600000US0681204,Union City,62520,24061,41356,41356,41356,19990,74432
2018,1600000US0681344,Upland,61238,38196,38690,38690,38690,26244,76534
2018,1600000US0681554,Vacaville,78756,44103,43884,43884,43884,32503,92106
2018,1600000US0681666,Vallejo,100343,58065,60125,60125,60125,41730,121265
2018,1600000US0682590,Victorville,85545,41125,41645,41645,41645,31624,118517
2018,1600000US0682954,Visalia,94625,53189,54744,54744,54744,42729,132621
2018,1600000US0682996,Vista,80155,53066,52888,52888,52888,30581,98808
2018,1600000US0683346,Walnut Creek,61508,32760,33435,33435,33435,31675,68981
2018,1600000US0684200,West Covina,85374,49396,51201,51201,51201,30333,105810
2018,1600000US0684550,Westminster,73177,39273,40373,40373,40373,27019,90763
2018,1600000US0685292,Whittier,70045,43205,44295,44295,44295,27672,85566
2018,1600000US0686832,Yorba Linda,53192,31503,31956,31956,31956,23217,67534
2018,1600000US0686972,Yuba City,51278,26968,27098,27098,27098,22524,65986
2019,1600000US0600562,Alameda,63509,40595,40937,40937,40937,30788,76349
2019,1600000US0600884,Alhambra,70780,43631,44496,44496,44496,28777,83113
2019,1600000US0602000,Anaheim,281221,183442,186332,186332,186332,105301,348028
2019,1600000US0602252,Antioch,90801,51280,52096,52096,52096,36138,111230
2019,1600000US0602364,Apple Valley,56662,25696,N,26458,26458,23774,73033
2019,1600000US0602553,Arden-Arcade,85828,47654,48500,48500,48500,42309,107671
2019,1600000US0603526,Bakersfield,280234,158797,163320,163320,163320,116558,381823
2019,1600000US0603666,Baldwin Park,59505,35560,36152,36152,36152,19350,74922
2019,1600000US0604982,Bellflower,62430,38162,39447,39447,39447,23369,76086
2019,1600000US0606000,Berkeley,109524,61866,63459,63459,63459,44551,121010
2019,1600000US0608786,Buena Park,68593,42773,43755,43755,43755,25362,81487
2019,1600000US0608954,Burbank,86657,53131,53658,53658,53658,43167,102102
2019,1600000US0610046,Camarillo,58152,33381,34221,34221,34221,27274,69220
2019,1600000US0611194,Carlsbad,94786,56162,56797,56797,56797,44966,114946
2019,1600000US0611390,Carmichael,54255,31489,32106,32106,32106,26577,66380
2019,1600000US0611530,Carson,78969,46865,47509,47509,47509,25573,91276
2019,1600000US0613014,Chico,85279,50089,51807,51807,51807,37040,102599
2019,1600000US0613210,Chino,79558,45471,46111,46111,46111,26079,87608
2019,1600000US0613214,Chino Hills,68635,43352,44141,44141,44141,26856,83747
2019,1600000US0613392,Chula Vista,217132,129593,126447,126447,126447,82916,267862
2019,1600000US0613588,Citrus Heights,73750,42864,43740,43740,43740,36460,87432
2019,1600000US0614218,Clovis,83255,51118,52196,52196,52196,39269,114246
2019,1600000US0615044,Compton,72207,41653,42623,42623,42623,21757,95310
2019,1600000US0616000,Concord,105758,66936,69461,69461,69461,45071,128700
2019,1600000US0616350,Corona,132113,82863,83998,83998,83998,47793,169063
2019,1600000US0616532,Costa Mesa,89571,62718,63351,63351,63351,38762,112499
2019,1600000US0617918,Daly City,91363,59808,61135,61135,61135,31289,105876
2019,1600000US0618100,Davis,62556,31967,32520,32520,32520,26367,69232
2019,1600000US0619766,Downey,89027,56001,56904,56904,56904,32073,110629
2019,1600000US0620802,East Los Angeles,92065,56202,57071,57071,57071,30676,119714
2019,1600000US0621712,El Cajon,80379,49334,49397,49397,49397,32139,100917
2019,1600000US0622020,Elk Grove,139873,84128,85313,85313,85313,57048,174479
2019,1600000US0622230,El Monte,95090,54329,54936,54936,54936,31535,114662
2019,1600000US0622804,Escondido,119187,71467,72179,72179,72179,51364,150535
2019,1600000US0623182,Fairfield,91938,59535,59246,59246,59246,37310,114664
2019,1600000US0624477,Florence-Graham,51391,29700,31203,31203,31203,14973,70149
2019,1600000US0624638,Folsom,65249,40296,40705,40705,40705,27286,76335
2019,1600000US0624680,Fontana,160322,98338,99621,99621,99621,56457,214201
2019,1600000US0626000,Fremont,192852,87635,126398,126398,126398,77848,240437
2019,1600000US0627000,Fresno,399279,218698,224248,224248,224248,172815,525394
2019,1600000US0628000,Fullerton,110293,66659,68906,68906,68906,44365,137717
2019,1600000US0629000,Garden Grove,140767,83457,84750,84750,84750,47378,171030
2019,1600000US0630000,Glendale,165206,99986,100968,100968,100968,74197,198140
2019,1600000US0632548,Hawthorne,64934,41427,42436,42436,42436,27489,85634
2019,1600000US0633000,Hayward,132335,72926,86298,86298,86298,47826,157853
2019,1600000US0633182,Hemet,66268,26167,N,26234,26234,28412,84789
2019,1600000US0633434,Hesperia,71214,35632,36191,36191,36191,27185,95538
2019,1600000US0636000,Huntington Beach,168288,103741,106945,106945,106945,75273,198877
2019,1600000US0636448,Indio,75947,38494,39765,39765,39765,31760,91058
2019,1600000US0636546,Inglewood,87026,54563,56234,56234,56234,34440,107802
2019,1600000US0636770,Irvine,231951,141340,143859,143859,143859,104524,287130
2019,1600000US0637692,Jurupa Valley,79294,44643,46185,46185,46185,24548,108894
2019,1600000US0639248,Laguna Niguel,54303,32738,33467,33467,33467,24719,66285
2019,1600000US0639486,Lake Elsinore,50494,29917,30195,30195,30195,18642,68797
2019,1600000US0639496,Lake Forest,67824,45800,46874,46874,46874,28460,85353
2019,1600000US0639892,Lakewood,63499,38888,39240,39240,39240,25198,78883
2019,1600000US0640130,Lancaster,118925,58355,59532,59532,59532,49220,151849
2019,1600000US0641992,Livermore,70561,46250,46806,46806,46806,30545,89850
2019,1600000US0642202,Lodi,50143,29344,30141,30141,30141,22733,67035
2019,1600000US0643000,Long Beach,373834,233554,237950,237950,237950,165689,459608
2019,1600000US0644000,Los Angeles,3261493,2021061,2069881,2069881,2069881,1398900,3949197
2019,1600000US0644574,Lynwood,52564,28340,28507,28507,28507,15142,66909
2019,1600000US0645022,Madera,45169,25435,N,N,27393,16625,65616
2019,1600000US0645484,Manteca,64126,34316,35656,35656,35656,26047,82784
2019,1600000US0646842,Menifee,72215,34764,36393,36393,36393,29356,93997
2019,1600000US0646898,Merced,62380,34175,35524,35524,35524,25005,82806
2019,1600000US0647766,Milpitas,71684,45741,48421,48421,48421,26052,81540
2019,1600000US0648256,Mission Viejo,79209,46422,47065,47065,47065,34017,93852
2019,1600000US0648354,Modesto,166924,88300,90562,90562,90562,71325,213941
2019,1600000US0649270,Moreno Valley,159534,91870,94075,94075,94075,52220,212748
2019,1600000US0649670,Mountain View,69402,49084,49567,49567,49567,35456,82325
2019,1600000US0650076,Murrieta,87541,51680,52425,52425,52425,33792,115143
2019,1600000US0650258,Napa,63712,38950,39997,39997,39997,28819,77314
2019,1600000US0651182,Newport Beach,71123,43457,43879,43879,43879,37035,84251
2019,1600000US0652526,Norwalk,81998,48283,49250,49250,49250,26257,103217
2019,1600000US0653000,Oakland,353995,227298,231125,231125,231125,168413,431488
2019,1600000US0653322,Oceanside,140972,90337,88303,88303,88303,60235,171258
2019,1600000US0653896,Ontario,140404,89480,91940,91940,91940,49894,184564
2019,1600000US0653980,Orange,112756,68524,69588,69588,69588,43492,134088
2019,1600000US0654652,Oxnard,159129,99412,101523,101523,101523,50739,207928
2019,1600000US0655156,Palmdale,114789,63410,65030,65030,65030,41538,154847
2019,1600000US0655282,Palo Alto,51152,30699,31359,31359,31359,25168,64864
2019,1600000US0656000,Pasadena,119835,76415,77735,77735,77735,56668,139871
2019,1600000US0656700,Perris,58618,34145,N,35029,35029,17582,79141
2019,1600000US0657456,Pittsburg,57425,31241,32542,32542,32542,21273,72374
2019,1600000US0657792,Pleasanton,64944,40172,40689,40689,40689,28994,81589
2019,1600000US0658072,Pomona,120664,71518,73733,73733,73733,40579,150391
2019,1600000US0659444,Rancho Cordova,54828,34187,34868,34868,34868,24907,74851
2019,1600000US0659451,Rancho Cucamonga,140836,87011,89394,89394,89394,59497,174318
2019,1600000US0659920,Redding,74179,41455,42486,42486,42486,37757,91334
2019,1600000US0659962,Redlands,59601,34680,35253,35253,35253,26115,70964
2019,1600000US0660018,Redondo Beach,51601,37046,37569,37569,37569,26360,66634
2019,1600000US0660102,Redwood City,70197,47489,48625,48625,48625,32199,85054
2019,1600000US0660466,Rialto,77382,45795,47091,47091,47091,24751,103337
2019,1600000US0660620,Richmond,86778,53801,56774,56774,56774,36634,109648
2019,1600000US0662000,Riverside,260605,155609,158610,158610,158610,87189,328929
2019,1600000US0662364,Rocklin,53039,30869,31016,31016,31016,23612,68398
2019,1600000US0662938,Roseville,112968,70216,71050,71050,71050,53093,140615
2019,1600000US0664000,Sacramento,411100,249839,253812,253812,253812,191911,509254
2019,1600000US0664224,Salinas,111095,66909,68201,68201,68201,39862,154754
2019,1600000US0665000,San Bernardino,163136,90531,92821,92821,92821,60308,206957
2019,1600000US0665042,San Buenaventura (Ventura),90201,54083,55527,55527,55527,40513,107860
2019,1600000US0665084,San Clemente,51317,31430,31778,31778,31778,23182,64191
2019,1600000US0666000,San Diego,1174438,750826,733667,733667,733667,512530,1384227
2019,1600000US0667000,San Francisco,774619,526022,539057,539057,539057,365851,877730
2019,1600000US0668000,San Jose,821088,525978,542373,542373,542373,327894,1018336
2019,1600000US0668084,San Leandro,75001,49088,50400,50400,50400,31691,88351
2019,1600000US0668196,San Marcos,73694,45831,46216,46216,46216,30852,96316
2019,1600000US0668252,San Mateo,85998,59722,60690,60690,60690,39564,104084
2019,1600000US0668378,San Ramon,58059,38326,39024,39024,39024,25697,75958
2019,1600000US0669000,Santa Ana,257721,162418,164241,164241,164241,79704,328971
2019,1600000US0669070,Santa Barbara,77360,51272,52637,52637,52637,38674,90906
2019,1600000US0669084,Santa Clara,109932,75636,76629,76629,76629,46608,129970
2019,1600000US0669088,Santa Clarita,166307,102349,103951,103951,103951,69975,212637
2019,1600000US0669112,Santa Cruz,56817,33485,34483,34483,34483,22166,64267
2019,1600000US0669196,Santa Maria,75551,47292,47955,47955,47955,27079,106388
2019,1600000US0670000,Santa Monica,79513,49218,49981,49981,49981,45096,89432
2019,1600000US0670098,Santa Rosa,141162,89170,92443,92443,92443,65590,174830
2019,1600000US0672016,Simi Valley,104594,66538,67661,67661,67661,42117,125345
2019,1600000US0673080,South Gate,72400,41373,41980,41980,41980,23559,93265
2019,1600000US0673262,South San Francisco,60326,41099,42123,42123,42123,22355,67628
2019,1600000US0675000,Stockton,237714,125491,130165,130165,130165,96149,310888
2019,1600000US0677000,Sunnyvale,122833,85371,87715,87715,87715,55424,152130
2019,1600000US0678120,Temecula,86219,53077,53421,53421,53421,35638,113686
2019,1600000US0678582,Thousand Oaks,100189,60462,62285,62285,62285,44618,126446
2019,1600000US0680000,Torrance,116689,74089,75534,75534,75534,55483,142548
2019,1600000US0680238,Tracy,73883,44868,45639,45639,45639,26771,94557
2019,1600000US0680644,Tulare,42207,24092,N,N,24584,18170,65128
2019,1600000US0680812,Turlock,56414,32102,32595,32595,32595,25718,73138
2019,1600000US0680854,Tustin,61831,42064,42409,42409,42409,24125,79229
2019,1600000US0681204,Union City,59619,30765,37909,37909,37909,22469,73954
2019,1600000US0681344,Upland,63877,40797,41303,41303,41303,26201,76661
2019,1600000US0681554,Vacaville,79805,45021,43800,43800,43800,32560,91281
2019,1600000US0681666,Vallejo,99543,58840,60224,60224,60224,42200,121201
2019,1600000US0682590,Victorville,86326,40905,41348,41348,41348,32188,118222
2019,1600000US0682954,Visalia,102713,56133,59773,59773,59773,45878,133561
2019,1600000US0682996,Vista,80362,52513,52878,52878,52878,31075,99702
2019,1600000US0683346,Walnut Creek,59483,33124,34402,34402,34402,31558,69398
2019,1600000US0684200,West Covina,86424,53685,54393,54393,54393,30682,104550
2019,1600000US0684550,Westminster,73611,42407,43289,43289,43289,26984,90440
2019,1600000US0685292,Whittier,66383,38384,39198,39198,39198,26884,84583
2019,1600000US0686832,Yorba Linda,55244,35398,35834,35834,35834,22676,67419
2019,1600000US0686972,Yuba City,53448,30599,30105,30105,30105,24393,65324
